{
  "weights": {
    "BuffettAgent": {
      "AAPL": 0.17418270128899682,
      "SPY": 0.11623616236162362,
      "QQQ": 0.1164321583055735,
      "NVDA": 0.12337689105074404,
      "MSFT": 0.06796996214236951,
      "GOOGL": 0.11295480696742453,
      "META": 0.11929415034041964,
      "JPM": 0.09984113114623878,
      "GS": 0.11725986411519043,
      "GLD": 0.10571977595159246,
      "TSLA": 0.10180663093110978,
      "AMD": 0.11537440758293838,
      "AMZN": 0.10962997658079628,
      "LLY": 0.0953145588821132
    },
    "CitadelAgent": {
      "AAPL": 0.025817298711003175,
      "SPY": 0.08639957828149711,
      "QQQ": 0.12062844926167154,
      "NVDA": 0.11622078403891337,
      "MSFT": 0.02,
      "GOOGL": 0.13492044597865335,
      "META": 0.12073919688759208,
      "JPM": 0.08752879497974425,
      "GS": 0.07251760892601135,
      "GLD": 0.09497526472872972,
      "TSLA": 0.02,
      "AMD": 0.06900473933649288,
      "AMZN": 0.077480093676815,
      "LLY": 0.13420770385805778
    },
    "MeanReversionAgent": {
      "AAPL": 0.02,
      "SPY": 0.11420664206642069,
      "QQQ": 0.05724655695321434,
      "NVDA": 0.04489055608227874,
      "MSFT": 0.20542419164649664,
      "GOOGL": 0.04050311470856644,
      "META": 0.057112685841322786,
      "JPM": 0.11744380014298197,
      "GS": 0.11617527893785451,
      "GLD": 0.10452594137127438,
      "TSLA": 0.0981933690688902,
      "AMD": 0.16466350710900474,
      "AMZN": 0.02,
      "LLY": 0.056727852174179506
    },
    "TrendFollowingAgent": {
      "AAPL": 0.02,
      "SPY": 0.08315761729045863,
      "QQQ": 0.10569283547954059,
      "NVDA": 0.1155117688280638,
      "MSFT": 0.10716812511636567,
      "GOOGL": 0.11162163234535574,
      "META": 0.10285396693066558,
      "JPM": 0.09518627373103504,
      "GS": 0.09404724802094372,
      "GLD": 0.09477901794840346,
      "TSLA": 0.02,
      "AMD": 0.050957345971563976,
      "AMZN": 0.11288992974238879,
      "LLY": 0.1137498850856495
    }
  },
  "best_agent": {
    "AAPL": "BuffettAgent",
    "SPY": "BuffettAgent",
    "QQQ": "CitadelAgent",
    "NVDA": "BuffettAgent",
    "MSFT": "MeanReversionAgent",
    "GOOGL": "CitadelAgent",
    "META": "CitadelAgent",
    "JPM": "MeanReversionAgent",
    "GS": "BuffettAgent",
    "GLD": "BuffettAgent",
    "TSLA": "BuffettAgent",
    "AMD": "MeanReversionAgent",
    "AMZN": "TrendFollowingAgent",
    "LLY": "CitadelAgent"
  },
  "sharpes": {
    "BuffettAgent": {
      "AAPL": 0.4662,
      "SPY": 0.882,
      "QQQ": 1.1709,
      "NVDA": 1.4965,
      "MSFT": 0.2738,
      "GOOGL": 0.7117,
      "META": 1.0732,
      "JPM": 1.2569,
      "GS": 0.9406,
      "GLD": 1.2929,
      "TSLA": 0.2564,
      "AMD": 0.6086,
      "AMZN": 0.3901,
      "LLY": 0.7776
    },
    "CitadelAgent": {
      "AAPL": 0.0691,
      "SPY": 0.6556,
      "QQQ": 1.2131,
      "NVDA": 1.4097,
      "MSFT": 0.0783,
      "GOOGL": 0.8501,
      "META": 1.0862,
      "JPM": 1.1019,
      "GS": 0.5817,
      "GLD": 1.1615,
      "TSLA": -0.2641,
      "AMD": 0.364,
      "AMZN": 0.2757,
      "LLY": 1.0949
    },
    "MeanReversionAgent": {
      "AAPL": -0.1362,
      "SPY": 0.8666,
      "QQQ": 0.5757,
      "NVDA": 0.5445,
      "MSFT": 0.8275,
      "GOOGL": 0.2552,
      "META": 0.5138,
      "JPM": 1.4785,
      "GS": 0.9319,
      "GLD": 1.2783,
      "TSLA": 0.2473,
      "AMD": 0.8686,
      "AMZN": -0.1079,
      "LLY": 0.4628
    },
    "TrendFollowingAgent": {
      "AAPL": -0.0395,
      "SPY": 0.631,
      "QQQ": 1.0629,
      "NVDA": 1.4011,
      "MSFT": 0.4317,
      "GOOGL": 0.7033,
      "META": 0.9253,
      "JPM": 1.1983,
      "GS": 0.7544,
      "GLD": 1.1591,
      "TSLA": -0.2313,
      "AMD": 0.2688,
      "AMZN": 0.4017,
      "LLY": 0.928
    }
  },
  "computed_at": "2026-06-24T12:57:25.895200+00:00"
}