{
  "weights": {
    "BuffettAgent": {
      "AAPL": 0.18604745487730687,
      "SPY": 0.10777865726415772,
      "QQQ": 0.11644870525712502,
      "NVDA": 0.12052983013245755,
      "MSFT": 0.10407980407383072,
      "GOOGL": 0.1080745765022666,
      "META": 0.11855915362870498,
      "JPM": 0.09934193436661183,
      "GS": 0.10882991783926717,
      "GLD": 0.10591993824910484,
      "TSLA": 0.09555457746478874,
      "AMD": 0.08338445267054469,
      "AMZN": 0.10532840939066211,
      "LLY": 0.08377267053381307
    },
    "CitadelAgent": {
      "AAPL": 0.02,
      "SPY": 0.08584586601424768,
      "QQQ": 0.12306570103683637,
      "NVDA": 0.11637122909280728,
      "MSFT": 0.02,
      "GOOGL": 0.1313064521626504,
      "META": 0.12007053094125222,
      "JPM": 0.08607671659883973,
      "GS": 0.0752353070796739,
      "GLD": 0.0957396170586848,
      "TSLA": 0.02,
      "AMD": 0.0755156002115283,
      "AMZN": 0.08148245845423373,
      "LLY": 0.11705705264703724
    },
    "MeanReversionAgent": {
      "AAPL": 0.02,
      "SPY": 0.12411311793912355,
      "QQQ": 0.05325900067733028,
      "NVDA": 0.04747591186897797,
      "MSFT": 0.19317842422794337,
      "GOOGL": 0.04811343263233239,
      "META": 0.05939153068935599,
      "JPM": 0.12022685946835224,
      "GS": 0.11957062360311016,
      "GLD": 0.10429897725079869,
      "TSLA": 0.10444542253521127,
      "AMD": 0.18589106292966684,
      "AMZN": 0.02,
      "LLY": 0.02
    },
    "TrendFollowingAgent": {
      "AAPL": 0.02,
      "SPY": 0.08226235878247103,
      "QQQ": 0.10722659302870839,
      "NVDA": 0.11562302890575725,
      "MSFT": 0.09801087151305178,
      "GOOGL": 0.11250553870275062,
      "META": 0.10197878474068685,
      "JPM": 0.0943544895661962,
      "GS": 0.09636415147794881,
      "GLD": 0.0940414674414117,
      "TSLA": 0.02,
      "AMD": 0.05520888418826018,
      "AMZN": 0.1131891321551042,
      "LLY": 0.09917027681914974
    }
  },
  "best_agent": {
    "AAPL": "BuffettAgent",
    "SPY": "MeanReversionAgent",
    "QQQ": "CitadelAgent",
    "NVDA": "BuffettAgent",
    "MSFT": "MeanReversionAgent",
    "GOOGL": "CitadelAgent",
    "META": "CitadelAgent",
    "JPM": "MeanReversionAgent",
    "GS": "MeanReversionAgent",
    "GLD": "BuffettAgent",
    "TSLA": "MeanReversionAgent",
    "AMD": "MeanReversionAgent",
    "AMZN": "TrendFollowingAgent",
    "LLY": "CitadelAgent"
  },
  "sharpes": {
    "BuffettAgent": {
      "AAPL": 0.4587,
      "SPY": 0.7489,
      "QQQ": 1.1175,
      "NVDA": 1.3854,
      "MSFT": 0.4356,
      "GOOGL": 0.7927,
      "META": 1.059,
      "JPM": 1.1473,
      "GS": 0.8643,
      "GLD": 1.235,
      "TSLA": 0.2171,
      "AMD": 0.3942,
      "AMZN": 0.3993,
      "LLY": 0.7606
    },
    "CitadelAgent": {
      "AAPL": 0.0344,
      "SPY": 0.5965,
      "QQQ": 1.181,
      "NVDA": 1.3376,
      "MSFT": 0.0198,
      "GOOGL": 0.9631,
      "META": 1.0725,
      "JPM": 0.9941,
      "GS": 0.5975,
      "GLD": 1.1163,
      "TSLA": -0.3579,
      "AMD": 0.357,
      "AMZN": 0.3089,
      "LLY": 1.0628
    },
    "MeanReversionAgent": {
      "AAPL": -0.2141,
      "SPY": 0.8624,
      "QQQ": 0.5111,
      "NVDA": 0.5457,
      "MSFT": 0.8085,
      "GOOGL": 0.3529,
      "META": 0.5305,
      "JPM": 1.3885,
      "GS": 0.9496,
      "GLD": 1.2161,
      "TSLA": 0.2373,
      "AMD": 0.8788,
      "AMZN": -0.2391,
      "LLY": -2.0539
    },
    "TrendFollowingAgent": {
      "AAPL": -0.0382,
      "SPY": 0.5716,
      "QQQ": 1.029,
      "NVDA": 1.329,
      "MSFT": 0.4102,
      "GOOGL": 0.8252,
      "META": 0.9109,
      "JPM": 1.0897,
      "GS": 0.7653,
      "GLD": 1.0965,
      "TSLA": -0.3834,
      "AMD": 0.261,
      "AMZN": 0.4291,
      "LLY": 0.9004
    }
  },
  "computed_at": "2026-06-24T06:57:10.206761+00:00"
}