{
  "weights": {
    "BuffettAgent": {
      "AAPL": 0.02,
      "SPY": 0.02,
      "QQQ": 0.07750210838056759,
      "NVDA": 0.02,
      "MSFT": 0.02,
      "GOOGL": 0.10078009864219606,
      "META": 0.02,
      "JPM": 0.02,
      "GS": 0.07998115058375489,
      "GLD": 0.02,
      "TSLA": 0.02,
      "AMD": 0.10928583469124012,
      "AMZN": 0.02,
      "LLY": 0.06279588548766886
    },
    "CitadelAgent": {
      "AAPL": 0.021132596685082876,
      "SPY": 0.20822083417287934,
      "QQQ": 0.02168395865612803,
      "NVDA": 0.14025148346990676,
      "MSFT": 0.02,
      "GOOGL": 0.17383820321864377,
      "META": 0.02,
      "JPM": 0.048016036184210534,
      "GS": 0.11369083110538364,
      "GLD": 0.07184858162690214,
      "TSLA": 0.02,
      "AMD": 0.1526504467045008,
      "AMZN": 0.02,
      "LLY": 0.14177717189242778
    },
    "MeanReversionAgent": {
      "AAPL": 0.17886740331491713,
      "SPY": 0.08635905702196253,
      "QQQ": 0.185011865769706,
      "NVDA": 0.14050579259677876,
      "MSFT": 0.02,
      "GOOGL": 0.02,
      "META": 0.1,
      "JPM": 0.25,
      "GS": 0.02,
      "GLD": 0.02,
      "TSLA": 0.1,
      "AMD": 0.06202393661853122,
      "AMZN": 0.02,
      "LLY": 0.02
    },
    "TrendFollowingAgent": {
      "AAPL": 0.02,
      "SPY": 0.09709852911545437,
      "QQQ": 0.11580206719359837,
      "NVDA": 0.02,
      "MSFT": 0.02,
      "GOOGL": 0.12322021575524161,
      "META": 0.02,
      "JPM": 0.02,
      "GS": 0.1063280183108615,
      "GLD": 0.1281514183730979,
      "TSLA": 0.02,
      "AMD": 0.07603978198572794,
      "AMZN": 0.02,
      "LLY": 0.09542694261990334
    }
  },
  "best_agent": {
    "AAPL": "MeanReversionAgent",
    "SPY": "CitadelAgent",
    "QQQ": "MeanReversionAgent",
    "NVDA": "MeanReversionAgent",
    "MSFT": "CitadelAgent",
    "GOOGL": "CitadelAgent",
    "META": "MeanReversionAgent",
    "JPM": "MeanReversionAgent",
    "GS": "CitadelAgent",
    "GLD": "TrendFollowingAgent",
    "TSLA": "MeanReversionAgent",
    "AMD": "CitadelAgent",
    "AMZN": "MeanReversionAgent",
    "LLY": "CitadelAgent"
  },
  "sharpes": {
    "BuffettAgent": {
      "AAPL": -1.0726,
      "SPY": 0.0413,
      "QQQ": 0.9879,
      "NVDA": -0.2184,
      "MSFT": -4.3548,
      "GOOGL": 1.2822,
      "META": -1.4876,
      "JPM": 0.0007,
      "GS": 1.3861,
      "GLD": -0.2701,
      "TSLA": -1.6757,
      "AMD": 2.4312,
      "AMZN": -0.9876,
      "LLY": 0.5067
    },
    "CitadelAgent": {
      "AAPL": 0.0765,
      "SPY": 1.0334,
      "QQQ": 0.2764,
      "NVDA": 0.6618,
      "MSFT": 0.0,
      "GOOGL": 2.2117,
      "META": -0.1698,
      "JPM": 0.3114,
      "GS": 1.9703,
      "GLD": 0.7649,
      "TSLA": -1.8429,
      "AMD": 3.3959,
      "AMZN": -0.8833,
      "LLY": 1.144
    },
    "MeanReversionAgent": {
      "AAPL": 0.6475,
      "SPY": 0.4286,
      "QQQ": 2.3583,
      "NVDA": 0.663,
      "MSFT": -1.3498,
      "GOOGL": 0.0275,
      "META": 1.2181,
      "JPM": 1.6335,
      "GS": -0.7842,
      "GLD": -0.6523,
      "TSLA": 0.5214,
      "AMD": 1.3798,
      "AMZN": -0.4502,
      "LLY": -0.4252
    },
    "TrendFollowingAgent": {
      "AAPL": -0.8298,
      "SPY": 0.4819,
      "QQQ": 1.4761,
      "NVDA": 0.0908,
      "MSFT": 0.0,
      "GOOGL": 1.5677,
      "META": 0.0,
      "JPM": -3.0866,
      "GS": 1.8427,
      "GLD": 1.3643,
      "TSLA": -1.8432,
      "AMD": 1.6916,
      "AMZN": -3.1307,
      "LLY": 0.77
    }
  },
  "computed_at": "2026-06-18T19:25:12.022559+00:00"
}