plan_id,timestamp,symbol,regime,agent,action,confidence,target_weight,reason,is_winner
,,AAPL,bull,,BUY,0.7,0.1,Buffett screen passed (stable + trend + near-high),
,,MSFT,bull,,HOLD,0.0,0.0,No agent passed min_score,
,,NVDA,bull,,BUY,0.7,0.1,Buffett screen passed (stable + trend + near-high),
eaabb6be,2026-03-15T14:58:39+00:00,AAPL,choppy,DummyHoldAgent,HOLD,0.0,0.0,Baseline hold,
eaabb6be,2026-03-15T14:58:39+00:00,AAPL,choppy,BuffettAgent,BUY,0.7,0.1,Buffett screen passed (stable + trend + near-high),
eaabb6be,2026-03-15T14:58:39+00:00,AAPL,choppy,CitadelAgent,HOLD,0.3,0.0,No Citadel momentum setup,
eaabb6be,2026-03-15T14:58:39+00:00,MSFT,choppy,DummyHoldAgent,HOLD,0.0,0.0,Baseline hold,
eaabb6be,2026-03-15T14:58:39+00:00,MSFT,choppy,BuffettAgent,HOLD,0.55,0.0,Buffett screen not strong enough,
eaabb6be,2026-03-15T14:58:39+00:00,MSFT,choppy,CitadelAgent,HOLD,0.1,0.0,No Citadel momentum setup,
eaabb6be,2026-03-15T14:58:40+00:00,SPY,choppy,DummyHoldAgent,HOLD,0.0,0.0,Baseline hold,
eaabb6be,2026-03-15T14:58:40+00:00,SPY,choppy,BuffettAgent,BUY,0.9,0.1,Buffett screen passed (stable + trend + near-high),
eaabb6be,2026-03-15T14:58:40+00:00,SPY,choppy,CitadelAgent,HOLD,0.3,0.0,No Citadel momentum setup,
9867d5a3,2026-03-15T15:07:13+00:00,AAPL,choppy,DummyHoldAgent,HOLD,0.0,0.0,Baseline hold,
9867d5a3,2026-03-15T15:07:13+00:00,AAPL,choppy,BuffettAgent,BUY,0.7,0.1,Buffett screen passed (stable + trend + near-high),
9867d5a3,2026-03-15T15:07:13+00:00,AAPL,choppy,CitadelAgent,HOLD,0.3,0.0,No Citadel momentum setup,
9867d5a3,2026-03-15T15:07:13+00:00,MSFT,choppy,DummyHoldAgent,HOLD,0.0,0.0,Baseline hold,
9867d5a3,2026-03-15T15:07:13+00:00,MSFT,choppy,BuffettAgent,HOLD,0.55,0.0,Buffett screen not strong enough,
9867d5a3,2026-03-15T15:07:13+00:00,MSFT,choppy,CitadelAgent,HOLD,0.1,0.0,No Citadel momentum setup,
9867d5a3,2026-03-15T15:07:13+00:00,SPY,choppy,DummyHoldAgent,HOLD,0.0,0.0,Baseline hold,
9867d5a3,2026-03-15T15:07:13+00:00,SPY,choppy,BuffettAgent,BUY,0.9,0.1,Buffett screen passed (stable + trend + near-high),
9867d5a3,2026-03-15T15:07:13+00:00,SPY,choppy,CitadelAgent,HOLD,0.3,0.0,No Citadel momentum setup,
f6f248a2,2026-03-15T15:11:29+00:00,AAPL,choppy,DummyHoldAgent,HOLD,0.0,0.0,Baseline hold,
f6f248a2,2026-03-15T15:11:29+00:00,AAPL,choppy,BuffettAgent,BUY,0.7,0.1,Buffett screen passed (stable + trend + near-high),
f6f248a2,2026-03-15T15:11:29+00:00,AAPL,choppy,CitadelAgent,HOLD,0.3,0.0,No Citadel momentum setup,
f6f248a2,2026-03-15T15:11:29+00:00,MSFT,choppy,DummyHoldAgent,HOLD,0.0,0.0,Baseline hold,
f6f248a2,2026-03-15T15:11:29+00:00,MSFT,choppy,BuffettAgent,HOLD,0.55,0.0,Buffett screen not strong enough,
f6f248a2,2026-03-15T15:11:29+00:00,MSFT,choppy,CitadelAgent,HOLD,0.1,0.0,No Citadel momentum setup,
f6f248a2,2026-03-15T15:11:29+00:00,SPY,choppy,DummyHoldAgent,HOLD,0.0,0.0,Baseline hold,
f6f248a2,2026-03-15T15:11:29+00:00,SPY,choppy,BuffettAgent,BUY,0.9,0.1,Buffett screen passed (stable + trend + near-high),
f6f248a2,2026-03-15T15:11:29+00:00,SPY,choppy,CitadelAgent,HOLD,0.3,0.0,No Citadel momentum setup,
beba62f3,2026-04-29T17:06:22+00:00,AAPL,bull,DummyHoldAgent,HOLD,0.0,0.0,Baseline hold,
beba62f3,2026-04-29T17:06:22+00:00,AAPL,bull,BuffettAgent,BUY,0.9,0.1,Buffett screen passed (stable + trend + near-high),
beba62f3,2026-04-29T17:06:22+00:00,AAPL,bull,CitadelAgent,HOLD,0.3,0.0,No Citadel momentum setup,
beba62f3,2026-04-29T17:06:22+00:00,AAPL,bull,MeanReversionAgent,HOLD,0.3,0.0,No mean reversion setup (RSI=61.1),
beba62f3,2026-04-29T17:06:23+00:00,MSFT,bull,DummyHoldAgent,HOLD,0.0,0.0,Baseline hold,
beba62f3,2026-04-29T17:06:23+00:00,MSFT,bull,BuffettAgent,HOLD,0.55,0.0,Buffett screen not strong enough,
beba62f3,2026-04-29T17:06:23+00:00,MSFT,bull,CitadelAgent,HOLD,0.1,0.0,No Citadel momentum setup,
beba62f3,2026-04-29T17:06:23+00:00,MSFT,bull,MeanReversionAgent,HOLD,0.3,0.0,No mean reversion setup (RSI=72.1),
beba62f3,2026-04-29T17:06:23+00:00,SPY,bull,DummyHoldAgent,HOLD,0.0,0.0,Baseline hold,
beba62f3,2026-04-29T17:06:23+00:00,SPY,bull,BuffettAgent,BUY,0.9,0.1,Buffett screen passed (stable + trend + near-high),
beba62f3,2026-04-29T17:06:23+00:00,SPY,bull,CitadelAgent,HOLD,0.3,0.0,No Citadel momentum setup,
beba62f3,2026-04-29T17:06:23+00:00,SPY,bull,MeanReversionAgent,HOLD,0.3,0.0,No mean reversion setup (RSI=75.2),
6af532de,2026-04-29T17:13:55+00:00,AAPL,bull,DummyHoldAgent,HOLD,0.0,0.0,Baseline hold,
6af532de,2026-04-29T17:13:55+00:00,AAPL,bull,BuffettAgent,BUY,0.9,0.1,Buffett screen passed (stable + trend + near-high),
6af532de,2026-04-29T17:13:55+00:00,AAPL,bull,CitadelAgent,HOLD,0.3,0.0,No Citadel momentum setup,
6af532de,2026-04-29T17:13:55+00:00,AAPL,bull,MeanReversionAgent,HOLD,0.3,0.0,No mean reversion setup (RSI=60.7),
6af532de,2026-04-29T17:13:55+00:00,AAPL,bull,MacroAgent,HOLD,0.4,0.0,Macro MIXED: risk_on=1 risk_off=0,
6af532de,2026-04-29T17:13:55+00:00,AAPL,bull,TrendFollowingAgent,HOLD,0.3,0.0,"No trend setup (ADX=14.9, bull=True)",
6af532de,2026-04-29T17:13:56+00:00,MSFT,bull,DummyHoldAgent,HOLD,0.0,0.0,Baseline hold,
6af532de,2026-04-29T17:13:56+00:00,MSFT,bull,BuffettAgent,HOLD,0.55,0.0,Buffett screen not strong enough,
6af532de,2026-04-29T17:13:56+00:00,MSFT,bull,CitadelAgent,HOLD,0.1,0.0,No Citadel momentum setup,
6af532de,2026-04-29T17:13:56+00:00,MSFT,bull,MeanReversionAgent,HOLD,0.3,0.0,No mean reversion setup (RSI=72.0),
6af532de,2026-04-29T17:13:56+00:00,MSFT,bull,MacroAgent,HOLD,0.4,0.0,Macro MIXED: risk_on=1 risk_off=0,
6af532de,2026-04-29T17:13:56+00:00,MSFT,bull,TrendFollowingAgent,HOLD,0.3,0.0,"No trend setup (ADX=50.4, bull=False)",
6af532de,2026-04-29T17:13:56+00:00,SPY,bull,DummyHoldAgent,HOLD,0.0,0.0,Baseline hold,
6af532de,2026-04-29T17:13:56+00:00,SPY,bull,BuffettAgent,BUY,0.9,0.1,Buffett screen passed (stable + trend + near-high),
6af532de,2026-04-29T17:13:56+00:00,SPY,bull,CitadelAgent,HOLD,0.3,0.0,No Citadel momentum setup,
6af532de,2026-04-29T17:13:56+00:00,SPY,bull,MeanReversionAgent,HOLD,0.3,0.0,No mean reversion setup (RSI=74.9),
6af532de,2026-04-29T17:13:56+00:00,SPY,bull,MacroAgent,HOLD,0.4,0.0,Macro MIXED: risk_on=1 risk_off=0,
6af532de,2026-04-29T17:13:56+00:00,SPY,bull,TrendFollowingAgent,BUY,0.8,0.1,TrendFollow BUY: MAs alignées + ADX=43.1 + mom20=9.10%,
54eb6ef3,2026-04-30T18:43:44+00:00,AAPL,bull,DummyHoldAgent,HOLD,0.0,0.0,Baseline hold,
54eb6ef3,2026-04-30T18:43:44+00:00,AAPL,bull,BuffettAgent,BUY,0.9,0.1,Buffett screen passed (stable + trend + near-high),
54eb6ef3,2026-04-30T18:43:44+00:00,AAPL,bull,CitadelAgent,HOLD,0.3,0.0,No Citadel momentum setup,
54eb6ef3,2026-04-30T18:43:44+00:00,AAPL,bull,MeanReversionAgent,HOLD,0.3,0.0,No mean reversion setup (RSI=63.6),
54eb6ef3,2026-04-30T18:43:44+00:00,AAPL,bull,MacroAgent,HOLD,0.4,0.0,Macro MIXED: risk_on=1 risk_off=0,
54eb6ef3,2026-04-30T18:43:44+00:00,AAPL,bull,TrendFollowingAgent,HOLD,0.3,0.0,"No trend setup (ADX=15.9, bull=True)",
54eb6ef3,2026-04-30T18:43:45+00:00,SPY,bull,DummyHoldAgent,HOLD,0.0,0.0,Baseline hold,
54eb6ef3,2026-04-30T18:43:45+00:00,SPY,bull,BuffettAgent,BUY,0.9,0.1,Buffett screen passed (stable + trend + near-high),
54eb6ef3,2026-04-30T18:43:45+00:00,SPY,bull,CitadelAgent,HOLD,0.3,0.0,No Citadel momentum setup,
54eb6ef3,2026-04-30T18:43:45+00:00,SPY,bull,MeanReversionAgent,HOLD,0.3,0.0,No mean reversion setup (RSI=80.6),
54eb6ef3,2026-04-30T18:43:45+00:00,SPY,bull,MacroAgent,HOLD,0.4,0.0,Macro MIXED: risk_on=1 risk_off=0,
54eb6ef3,2026-04-30T18:43:45+00:00,SPY,bull,TrendFollowingAgent,BUY,0.9,0.1,TrendFollow BUY: MAs alignées + ADX=45.5 + mom20=9.68%,
a22f7cda,2026-06-03T18:04:53+00:00,AAPL,bull,DummyHoldAgent,HOLD,0.0,0.0,Baseline hold,
a22f7cda,2026-06-03T18:04:53+00:00,AAPL,bull,BuffettAgent,BUY,0.9,0.1,Buffett screen passed (stable + trend + near-high),
a22f7cda,2026-06-03T18:04:53+00:00,AAPL,bull,CitadelAgent,HOLD,0.3,0.0,No Citadel momentum setup,
a22f7cda,2026-06-03T18:04:53+00:00,AAPL,bull,MeanReversionAgent,HOLD,0.3,0.0,No mean reversion setup (RSI=62.6),
a22f7cda,2026-06-03T18:04:53+00:00,AAPL,bull,MacroAgent,BUY,0.6,0.08,Macro RISK ON: SPY=11.20% GLD=-12.57% TLT=-2.83%,
a22f7cda,2026-06-03T18:04:53+00:00,AAPL,bull,TrendFollowingAgent,BUY,0.9,0.1,TrendFollow BUY: MAs alignées + ADX=76.1 + mom20=8.95%,
a22f7cda,2026-06-03T18:04:54+00:00,SPY,bull,DummyHoldAgent,HOLD,0.0,0.0,Baseline hold,
a22f7cda,2026-06-03T18:04:54+00:00,SPY,bull,BuffettAgent,BUY,0.9,0.1,Buffett screen passed (stable + trend + near-high),
a22f7cda,2026-06-03T18:04:54+00:00,SPY,bull,CitadelAgent,HOLD,0.3,0.0,No Citadel momentum setup,
a22f7cda,2026-06-03T18:04:54+00:00,SPY,bull,MeanReversionAgent,HOLD,0.3,0.0,No mean reversion setup (RSI=63.1),
a22f7cda,2026-06-03T18:04:54+00:00,SPY,bull,MacroAgent,BUY,0.6,0.08,Macro RISK ON: SPY=11.20% GLD=-12.57% TLT=-2.83%,
a22f7cda,2026-06-03T18:04:54+00:00,SPY,bull,TrendFollowingAgent,BUY,0.9,0.1,TrendFollow BUY: MAs alignées + ADX=35.6 + mom20=4.39%,
8248e232,2026-06-03T18:12:30+00:00,AAPL,bull,DummyHoldAgent,HOLD,0.0,0.0,Baseline hold,
8248e232,2026-06-03T18:12:30+00:00,AAPL,bull,BuffettAgent,BUY,0.9,0.1,Buffett screen passed (stable + trend + near-high),
8248e232,2026-06-03T18:12:30+00:00,AAPL,bull,CitadelAgent,HOLD,0.3,0.0,No Citadel momentum setup,
8248e232,2026-06-03T18:12:30+00:00,AAPL,bull,MeanReversionAgent,HOLD,0.3,0.0,No mean reversion setup (RSI=62.6),
8248e232,2026-06-03T18:12:30+00:00,AAPL,bull,MacroAgent,BUY,0.6,0.08,Macro RISK ON: SPY=11.18% GLD=-12.61% TLT=-2.83%,
8248e232,2026-06-03T18:12:30+00:00,AAPL,bull,TrendFollowingAgent,BUY,0.9,0.1,TrendFollow BUY: MAs alignées + ADX=76.1 + mom20=8.97%,
8248e232,2026-06-03T18:12:30+00:00,AAPL,bull,DividendArbitrageAgent,HOLD,0.2,0.0,DivArb: yield=0.087% trop faible,
8248e232,2026-06-03T18:12:30+00:00,AAPL,bull,PairsTradingAgent,HOLD,0.3,0.0,PairsTrading HOLD: z-score=1.25 (seuil=2.0),
8248e232,2026-06-03T18:12:30+00:00,AAPL,bull,VolatilityAgent,HOLD,0.3,0.0,Vol HOLD: VIX=16.03 | z=-0.63 | mom5=-1.6%,
8248e232,2026-06-03T18:12:32+00:00,SPY,bull,DummyHoldAgent,HOLD,0.0,0.0,Baseline hold,
8248e232,2026-06-03T18:12:32+00:00,SPY,bull,BuffettAgent,BUY,0.9,0.1,Buffett screen passed (stable + trend + near-high),
8248e232,2026-06-03T18:12:32+00:00,SPY,bull,CitadelAgent,HOLD,0.3,0.0,No Citadel momentum setup,
8248e232,2026-06-03T18:12:32+00:00,SPY,bull,MeanReversionAgent,HOLD,0.3,0.0,No mean reversion setup (RSI=62.9),
8248e232,2026-06-03T18:12:32+00:00,SPY,bull,MacroAgent,BUY,0.6,0.08,Macro RISK ON: SPY=11.17% GLD=-12.61% TLT=-2.83%,
8248e232,2026-06-03T18:12:32+00:00,SPY,bull,TrendFollowingAgent,BUY,0.9,0.1,TrendFollow BUY: MAs alignées + ADX=35.6 + mom20=4.37%,
8248e232,2026-06-03T18:12:32+00:00,SPY,bull,DividendArbitrageAgent,HOLD,0.2,0.0,No dividend data available,
8248e232,2026-06-03T18:12:32+00:00,SPY,bull,PairsTradingAgent,HOLD,0.3,0.0,PairsTrading HOLD: z-score=-1.86 (seuil=2.0),
8248e232,2026-06-03T18:12:32+00:00,SPY,bull,VolatilityAgent,HOLD,0.3,0.0,Vol HOLD: VIX=16.03 | z=-0.63 | mom5=-1.6%,
ecc7611b,2026-06-04T06:05:43+00:00,AAPL,bull,DummyHoldAgent,HOLD,0.0,0.0,Baseline hold,False
ecc7611b,2026-06-04T06:05:43+00:00,AAPL,bull,BuffettAgent,BUY,0.9,0.1,Buffett screen passed (stable + trend + near-high),False
ecc7611b,2026-06-04T06:05:43+00:00,AAPL,bull,CitadelAgent,BUY,0.8,0.12,Citadel v2: trend + momentum + volume,True
ecc7611b,2026-06-04T06:05:43+00:00,AAPL,bull,MeanReversionAgent,HOLD,0.3,0.0,No mean reversion setup (RSI=64.0),False
ecc7611b,2026-06-04T06:05:43+00:00,AAPL,bull,MacroAgent,BUY,0.6,0.08,Macro RISK ON: SPY=11.01% GLD=-12.50% TLT=-2.80%,False
ecc7611b,2026-06-04T06:05:43+00:00,AAPL,bull,TrendFollowingAgent,BUY,0.9,0.1,TrendFollow BUY: MAs alignées + ADX=76.1 + mom20=9.28%,False
ecc7611b,2026-06-04T06:05:43+00:00,AAPL,bull,DividendArbitrageAgent,HOLD,0.2,0.0,DivArb: yield=0.087% trop faible,False
ecc7611b,2026-06-04T06:05:43+00:00,AAPL,bull,PairsTradingAgent,HOLD,0.3,0.0,PairsTrading HOLD: z-score=1.29 (seuil=2.0),False
ecc7611b,2026-06-04T06:05:43+00:00,AAPL,bull,VolatilityAgent,HOLD,0.3,0.0,Vol HOLD: VIX=16.06 | z=-0.62 | mom5=-1.4%,False
ecc7611b,2026-06-04T06:05:45+00:00,SPY,bull,DummyHoldAgent,HOLD,0.0,0.0,Baseline hold,False
ecc7611b,2026-06-04T06:05:45+00:00,SPY,bull,BuffettAgent,BUY,0.9,0.1,Buffett screen passed (stable + trend + near-high),False
ecc7611b,2026-06-04T06:05:45+00:00,SPY,bull,CitadelAgent,BUY,0.8500000000000001,0.12,Citadel v2: trend + momentum + volume,True
ecc7611b,2026-06-04T06:05:45+00:00,SPY,bull,MeanReversionAgent,HOLD,0.3,0.0,No mean reversion setup (RSI=61.5),False
ecc7611b,2026-06-04T06:05:45+00:00,SPY,bull,MacroAgent,BUY,0.6,0.08,Macro RISK ON: SPY=11.01% GLD=-12.50% TLT=-2.80%,False
ecc7611b,2026-06-04T06:05:45+00:00,SPY,bull,TrendFollowingAgent,BUY,0.9,0.1,TrendFollow BUY: MAs alignées + ADX=35.6 + mom20=4.21%,False
ecc7611b,2026-06-04T06:05:45+00:00,SPY,bull,DividendArbitrageAgent,HOLD,0.2,0.0,No dividend data available,False
ecc7611b,2026-06-04T06:05:45+00:00,SPY,bull,PairsTradingAgent,HOLD,0.3,0.0,PairsTrading HOLD: z-score=-1.89 (seuil=2.0),False
ecc7611b,2026-06-04T06:05:45+00:00,SPY,bull,VolatilityAgent,HOLD,0.3,0.0,Vol HOLD: VIX=16.06 | z=-0.62 | mom5=-1.4%,False
78ba1154,2026-06-04T06:20:11+00:00,AAPL,bull,DummyHoldAgent,HOLD,0.0,0.0,Baseline hold,False
78ba1154,2026-06-04T06:20:11+00:00,AAPL,bull,BuffettAgent,BUY,0.9,0.1,Buffett screen passed (stable + trend + near-high),False
78ba1154,2026-06-04T06:20:11+00:00,AAPL,bull,CitadelAgent,BUY,0.8,0.12,Citadel v2: trend + momentum + volume,True
78ba1154,2026-06-04T06:20:11+00:00,AAPL,bull,MeanReversionAgent,HOLD,0.3,0.0,No mean reversion setup (RSI=64.0),False
78ba1154,2026-06-04T06:20:11+00:00,AAPL,bull,MacroAgent,BUY,0.6,0.08,Macro RISK ON: SPY=11.01% GLD=-12.50% TLT=-2.80%,False
78ba1154,2026-06-04T06:20:11+00:00,AAPL,bull,TrendFollowingAgent,BUY,0.9,0.1,TrendFollow BUY: MAs alignées + ADX=76.1 + mom20=9.28%,False
78ba1154,2026-06-04T06:20:11+00:00,AAPL,bull,DividendArbitrageAgent,HOLD,0.2,0.0,DivArb: yield=0.087% trop faible,False
78ba1154,2026-06-04T06:20:11+00:00,AAPL,bull,PairsTradingAgent,HOLD,0.3,0.0,PairsTrading HOLD: z-score=1.29 (seuil=2.0),False
78ba1154,2026-06-04T06:20:11+00:00,AAPL,bull,VolatilityAgent,HOLD,0.3,0.0,Vol HOLD: VIX=16.06 | z=-0.62 | mom5=-1.4%,False
78ba1154,2026-06-04T06:20:13+00:00,SPY,bull,DummyHoldAgent,HOLD,0.0,0.0,Baseline hold,False
78ba1154,2026-06-04T06:20:13+00:00,SPY,bull,BuffettAgent,BUY,0.9,0.1,Buffett screen passed (stable + trend + near-high),False
78ba1154,2026-06-04T06:20:13+00:00,SPY,bull,CitadelAgent,BUY,0.8500000000000001,0.12,Citadel v2: trend + momentum + volume,True
78ba1154,2026-06-04T06:20:13+00:00,SPY,bull,MeanReversionAgent,HOLD,0.3,0.0,No mean reversion setup (RSI=61.5),False
78ba1154,2026-06-04T06:20:13+00:00,SPY,bull,MacroAgent,BUY,0.6,0.08,Macro RISK ON: SPY=11.01% GLD=-12.50% TLT=-2.80%,False
78ba1154,2026-06-04T06:20:13+00:00,SPY,bull,TrendFollowingAgent,BUY,0.9,0.1,TrendFollow BUY: MAs alignées + ADX=35.6 + mom20=4.21%,False
78ba1154,2026-06-04T06:20:13+00:00,SPY,bull,DividendArbitrageAgent,HOLD,0.2,0.0,No dividend data available,False
78ba1154,2026-06-04T06:20:13+00:00,SPY,bull,PairsTradingAgent,HOLD,0.3,0.0,PairsTrading HOLD: z-score=-1.89 (seuil=2.0),False
78ba1154,2026-06-04T06:20:13+00:00,SPY,bull,VolatilityAgent,HOLD,0.3,0.0,Vol HOLD: VIX=16.06 | z=-0.62 | mom5=-1.4%,False
78ba1154,2026-06-04T06:20:15+00:00,QQQ,bull,DummyHoldAgent,HOLD,0.0,0.0,Baseline hold,False
78ba1154,2026-06-04T06:20:15+00:00,QQQ,bull,BuffettAgent,BUY,0.9,0.1,Buffett screen passed (stable + trend + near-high),True
78ba1154,2026-06-04T06:20:15+00:00,QQQ,bull,CitadelAgent,BUY,0.8500000000000001,0.12,Citadel v2: trend + momentum + volume,False
78ba1154,2026-06-04T06:20:15+00:00,QQQ,bull,MeanReversionAgent,HOLD,0.3,0.0,No mean reversion setup (RSI=70.6),False
78ba1154,2026-06-04T06:20:15+00:00,QQQ,bull,MacroAgent,BUY,0.6,0.08,Macro RISK ON: SPY=11.01% GLD=-12.50% TLT=-2.80%,False
78ba1154,2026-06-04T06:20:15+00:00,QQQ,bull,TrendFollowingAgent,BUY,0.9,0.1,TrendFollow BUY: MAs alignées + ADX=36.2 + mom20=9.18%,False
78ba1154,2026-06-04T06:20:15+00:00,QQQ,bull,DividendArbitrageAgent,HOLD,0.2,0.0,No dividend data available,False
78ba1154,2026-06-04T06:20:15+00:00,QQQ,bull,PairsTradingAgent,HOLD,0.1,0.0,No pair defined for this symbol,False
78ba1154,2026-06-04T06:20:15+00:00,QQQ,bull,VolatilityAgent,HOLD,0.3,0.0,Vol HOLD: VIX=16.06 | z=-0.62 | mom5=-1.4%,False
78ba1154,2026-06-04T06:20:16+00:00,NVDA,bull,DummyHoldAgent,HOLD,0.0,0.0,Baseline hold,False
78ba1154,2026-06-04T06:20:16+00:00,NVDA,bull,BuffettAgent,BUY,0.9,0.1,Buffett screen passed (stable + trend + near-high),False
78ba1154,2026-06-04T06:20:16+00:00,NVDA,bull,CitadelAgent,BUY,0.8,0.12,Citadel v2: trend + momentum + volume,True
78ba1154,2026-06-04T06:20:16+00:00,NVDA,bull,MeanReversionAgent,HOLD,0.3,0.0,No mean reversion setup (RSI=41.7),False
78ba1154,2026-06-04T06:20:16+00:00,NVDA,bull,MacroAgent,BUY,0.6,0.08,Macro RISK ON: SPY=11.01% GLD=-12.50% TLT=-2.80%,False
78ba1154,2026-06-04T06:20:16+00:00,NVDA,bull,TrendFollowingAgent,HOLD,0.3,0.0,"No trend setup (ADX=23.9, bull=False)",False
78ba1154,2026-06-04T06:20:16+00:00,NVDA,bull,DividendArbitrageAgent,HOLD,0.2,0.0,DivArb: yield=0.116% trop faible,False
78ba1154,2026-06-04T06:20:16+00:00,NVDA,bull,PairsTradingAgent,HOLD,0.1,0.0,No pair defined for this symbol,False
78ba1154,2026-06-04T06:20:16+00:00,NVDA,bull,VolatilityAgent,HOLD,0.3,0.0,Vol HOLD: VIX=16.06 | z=-0.62 | mom5=-1.4%,False
78ba1154,2026-06-04T06:20:18+00:00,MSFT,bull,DummyHoldAgent,HOLD,0.0,0.0,Baseline hold,False
78ba1154,2026-06-04T06:20:18+00:00,MSFT,bull,BuffettAgent,HOLD,0.55,0.0,Buffett screen not strong enough,False
78ba1154,2026-06-04T06:20:18+00:00,MSFT,bull,CitadelAgent,HOLD,0.1,0.0,No Citadel momentum setup,False
78ba1154,2026-06-04T06:20:18+00:00,MSFT,bull,MeanReversionAgent,HOLD,0.3,0.0,No mean reversion setup (RSI=59.9),False
78ba1154,2026-06-04T06:20:18+00:00,MSFT,bull,MacroAgent,BUY,0.6,0.08,Macro RISK ON: SPY=11.01% GLD=-12.50% TLT=-2.80%,True
78ba1154,2026-06-04T06:20:18+00:00,MSFT,bull,TrendFollowingAgent,HOLD,0.3,0.0,"No trend setup (ADX=25.9, bull=False)",False
78ba1154,2026-06-04T06:20:18+00:00,MSFT,bull,DividendArbitrageAgent,HOLD,0.2,0.0,DivArb: yield=0.213% trop faible,False
78ba1154,2026-06-04T06:20:18+00:00,MSFT,bull,PairsTradingAgent,HOLD,0.1,0.0,No pair defined for this symbol,False
78ba1154,2026-06-04T06:20:18+00:00,MSFT,bull,VolatilityAgent,HOLD,0.3,0.0,Vol HOLD: VIX=16.06 | z=-0.62 | mom5=-1.4%,False
78ba1154,2026-06-04T06:20:20+00:00,GOOGL,bull,DummyHoldAgent,HOLD,0.0,0.0,Baseline hold,False
78ba1154,2026-06-04T06:20:20+00:00,GOOGL,bull,BuffettAgent,BUY,0.9,0.1,Buffett screen passed (stable + trend + near-high),True
78ba1154,2026-06-04T06:20:20+00:00,GOOGL,bull,CitadelAgent,HOLD,0.3,0.0,No Citadel momentum setup,False
78ba1154,2026-06-04T06:20:20+00:00,GOOGL,bull,MeanReversionAgent,BUY,0.9,0.08,MeanRev BUY: RSI=14.2 + below Bollinger,False
78ba1154,2026-06-04T06:20:20+00:00,GOOGL,bull,MacroAgent,BUY,0.6,0.08,Macro RISK ON: SPY=11.01% GLD=-12.50% TLT=-2.80%,False
78ba1154,2026-06-04T06:20:20+00:00,GOOGL,bull,TrendFollowingAgent,HOLD,0.3,0.0,"No trend setup (ADX=27.1, bull=False)",False
78ba1154,2026-06-04T06:20:20+00:00,GOOGL,bull,DividendArbitrageAgent,HOLD,0.2,0.0,DivArb: ex-date dans 4j (hors fenêtre),False
78ba1154,2026-06-04T06:20:20+00:00,GOOGL,bull,PairsTradingAgent,HOLD,0.1,0.0,No pair defined for this symbol,False
78ba1154,2026-06-04T06:20:20+00:00,GOOGL,bull,VolatilityAgent,HOLD,0.3,0.0,Vol HOLD: VIX=16.06 | z=-0.62 | mom5=-1.4%,False
78ba1154,2026-06-04T06:20:22+00:00,META,bull,DummyHoldAgent,HOLD,0.0,0.0,Baseline hold,False
78ba1154,2026-06-04T06:20:22+00:00,META,bull,BuffettAgent,HOLD,0.55,0.0,Buffett screen not strong enough,False
78ba1154,2026-06-04T06:20:22+00:00,META,bull,CitadelAgent,HOLD,0.1,0.0,No Citadel momentum setup,False
78ba1154,2026-06-04T06:20:22+00:00,META,bull,MeanReversionAgent,HOLD,0.3,0.0,No mean reversion setup (RSI=52.8),False
78ba1154,2026-06-04T06:20:22+00:00,META,bull,MacroAgent,BUY,0.6,0.08,Macro RISK ON: SPY=11.01% GLD=-12.50% TLT=-2.80%,True
78ba1154,2026-06-04T06:20:22+00:00,META,bull,TrendFollowingAgent,HOLD,0.3,0.0,"No trend setup (ADX=22.7, bull=False)",False
78ba1154,2026-06-04T06:20:22+00:00,META,bull,DividendArbitrageAgent,HOLD,0.2,0.0,DivArb: ex-date dans 11j (hors fenêtre),False
78ba1154,2026-06-04T06:20:22+00:00,META,bull,PairsTradingAgent,HOLD,0.1,0.0,No pair defined for this symbol,False
78ba1154,2026-06-04T06:20:22+00:00,META,bull,VolatilityAgent,HOLD,0.3,0.0,Vol HOLD: VIX=16.06 | z=-0.62 | mom5=-1.4%,False
78ba1154,2026-06-04T06:20:23+00:00,JPM,bull,DummyHoldAgent,HOLD,0.0,0.0,Baseline hold,False
78ba1154,2026-06-04T06:20:23+00:00,JPM,bull,BuffettAgent,BUY,0.7,0.1,Buffett screen passed (stable + trend + near-high),True
78ba1154,2026-06-04T06:20:23+00:00,JPM,bull,CitadelAgent,HOLD,0.1,0.0,No Citadel momentum setup,False
78ba1154,2026-06-04T06:20:23+00:00,JPM,bull,MeanReversionAgent,HOLD,0.3,0.0,No mean reversion setup (RSI=50.7),False
78ba1154,2026-06-04T06:20:23+00:00,JPM,bull,MacroAgent,BUY,0.6,0.08,Macro RISK ON: SPY=11.01% GLD=-12.50% TLT=-2.80%,False
78ba1154,2026-06-04T06:20:23+00:00,JPM,bull,TrendFollowingAgent,HOLD,0.3,0.0,"No trend setup (ADX=27.8, bull=False)",False
78ba1154,2026-06-04T06:20:23+00:00,JPM,bull,DividendArbitrageAgent,HOLD,0.2,0.0,DivArb: ex-date dans 32j (hors fenêtre),False
78ba1154,2026-06-04T06:20:23+00:00,JPM,bull,PairsTradingAgent,BUY,0.7644,0.08,PairsTrading BUY: JPM sous-évalué vs GS | z=-2.29,False
78ba1154,2026-06-04T06:20:23+00:00,JPM,bull,VolatilityAgent,HOLD,0.3,0.0,Vol HOLD: VIX=16.06 | z=-0.62 | mom5=-1.4%,False
78ba1154,2026-06-04T06:20:25+00:00,GS,bull,DummyHoldAgent,HOLD,0.0,0.0,Baseline hold,False
78ba1154,2026-06-04T06:20:25+00:00,GS,bull,BuffettAgent,BUY,0.9,0.1,Buffett screen passed (stable + trend + near-high),True
78ba1154,2026-06-04T06:20:25+00:00,GS,bull,CitadelAgent,BUY,0.8,0.12,Citadel v2: trend + momentum + volume,False
78ba1154,2026-06-04T06:20:25+00:00,GS,bull,MeanReversionAgent,HOLD,0.3,0.0,No mean reversion setup (RSI=70.3),False
78ba1154,2026-06-04T06:20:25+00:00,GS,bull,MacroAgent,BUY,0.6,0.08,Macro RISK ON: SPY=11.01% GLD=-12.50% TLT=-2.80%,False
78ba1154,2026-06-04T06:20:25+00:00,GS,bull,TrendFollowingAgent,BUY,0.8,0.1,TrendFollow BUY: MAs alignées + ADX=29.3 + mom20=13.79%,False
78ba1154,2026-06-04T06:20:25+00:00,GS,bull,DividendArbitrageAgent,HOLD,0.2,0.0,DivArb: pas de setup,False
78ba1154,2026-06-04T06:20:25+00:00,GS,bull,PairsTradingAgent,HOLD,0.1,0.0,No pair defined for this symbol,False
78ba1154,2026-06-04T06:20:25+00:00,GS,bull,VolatilityAgent,HOLD,0.3,0.0,Vol HOLD: VIX=16.06 | z=-0.62 | mom5=-1.4%,False
78ba1154,2026-06-04T06:20:26+00:00,GLD,bull,DummyHoldAgent,HOLD,0.0,0.0,Baseline hold,False
78ba1154,2026-06-04T06:20:26+00:00,GLD,bull,BuffettAgent,BUY,0.7,0.1,Buffett screen passed (stable + trend + near-high),True
78ba1154,2026-06-04T06:20:26+00:00,GLD,bull,CitadelAgent,HOLD,0.3,0.0,No Citadel momentum setup,False
78ba1154,2026-06-04T06:20:26+00:00,GLD,bull,MeanReversionAgent,HOLD,0.3,0.0,No mean reversion setup (RSI=29.7),False
78ba1154,2026-06-04T06:20:26+00:00,GLD,bull,MacroAgent,BUY,0.6,0.08,Macro RISK ON: SPY=11.01% GLD=-12.50% TLT=-2.80%,False
78ba1154,2026-06-04T06:20:26+00:00,GLD,bull,TrendFollowingAgent,HOLD,0.3,0.0,"No trend setup (ADX=26.4, bull=False)",False
78ba1154,2026-06-04T06:20:26+00:00,GLD,bull,DividendArbitrageAgent,HOLD,0.2,0.0,No dividend data available,False
78ba1154,2026-06-04T06:20:26+00:00,GLD,bull,PairsTradingAgent,HOLD,0.3,0.0,PairsTrading HOLD: z-score=-1.41 (seuil=2.0),False
78ba1154,2026-06-04T06:20:26+00:00,GLD,bull,VolatilityAgent,HOLD,0.3,0.0,Vol HOLD: VIX=16.06 | z=-0.62 | mom5=-1.4%,False
78ba1154,2026-06-04T06:20:28+00:00,BRK-B,bull,DummyHoldAgent,HOLD,0.0,0.0,Baseline hold,False
78ba1154,2026-06-04T06:20:28+00:00,BRK-B,bull,BuffettAgent,BUY,0.7,0.1,Buffett screen passed (stable + trend + near-high),True
78ba1154,2026-06-04T06:20:28+00:00,BRK-B,bull,CitadelAgent,HOLD,0.1,0.0,No Citadel momentum setup,False
78ba1154,2026-06-04T06:20:28+00:00,BRK-B,bull,MeanReversionAgent,HOLD,0.3,0.0,No mean reversion setup (RSI=38.8),False
78ba1154,2026-06-04T06:20:28+00:00,BRK-B,bull,MacroAgent,BUY,0.6,0.08,Macro RISK ON: SPY=11.01% GLD=-12.50% TLT=-2.80%,False
78ba1154,2026-06-04T06:20:28+00:00,BRK-B,bull,TrendFollowingAgent,HOLD,0.3,0.0,"No trend setup (ADX=31.4, bull=False)",False
78ba1154,2026-06-04T06:20:28+00:00,BRK-B,bull,DividendArbitrageAgent,HOLD,0.2,0.0,No dividend data available,False
78ba1154,2026-06-04T06:20:28+00:00,BRK-B,bull,PairsTradingAgent,HOLD,0.1,0.0,No pair defined for this symbol,False
78ba1154,2026-06-04T06:20:28+00:00,BRK-B,bull,VolatilityAgent,HOLD,0.3,0.0,Vol HOLD: VIX=16.06 | z=-0.62 | mom5=-1.4%,False
78ba1154,2026-06-04T06:20:29+00:00,JNJ,bull,DummyHoldAgent,HOLD,0.0,0.0,Baseline hold,False
78ba1154,2026-06-04T06:20:29+00:00,JNJ,bull,BuffettAgent,BUY,0.9,0.1,Buffett screen passed (stable + trend + near-high),True
78ba1154,2026-06-04T06:20:29+00:00,JNJ,bull,CitadelAgent,HOLD,0.3,0.0,No Citadel momentum setup,False
78ba1154,2026-06-04T06:20:29+00:00,JNJ,bull,MeanReversionAgent,HOLD,0.3,0.0,No mean reversion setup (RSI=38.8),False
78ba1154,2026-06-04T06:20:29+00:00,JNJ,bull,MacroAgent,BUY,0.6,0.08,Macro RISK ON: SPY=11.01% GLD=-12.50% TLT=-2.80%,False
78ba1154,2026-06-04T06:20:29+00:00,JNJ,bull,TrendFollowingAgent,HOLD,0.3,0.0,"No trend setup (ADX=12.1, bull=False)",False
78ba1154,2026-06-04T06:20:29+00:00,JNJ,bull,DividendArbitrageAgent,HOLD,0.2,0.0,DivArb: pas de setup,False
78ba1154,2026-06-04T06:20:29+00:00,JNJ,bull,PairsTradingAgent,HOLD,0.1,0.0,No pair defined for this symbol,False
78ba1154,2026-06-04T06:20:29+00:00,JNJ,bull,VolatilityAgent,HOLD,0.3,0.0,Vol HOLD: VIX=16.06 | z=-0.62 | mom5=-1.4%,False
78ba1154,2026-06-04T06:20:30+00:00,TSLA,bull,DummyHoldAgent,HOLD,0.0,0.0,Baseline hold,False
78ba1154,2026-06-04T06:20:30+00:00,TSLA,bull,BuffettAgent,BUY,0.9,0.1,Buffett screen passed (stable + trend + near-high),True
78ba1154,2026-06-04T06:20:30+00:00,TSLA,bull,CitadelAgent,HOLD,0.1,0.0,No Citadel momentum setup,False
78ba1154,2026-06-04T06:20:30+00:00,TSLA,bull,MeanReversionAgent,HOLD,0.3,0.0,No mean reversion setup (RSI=40.5),False
78ba1154,2026-06-04T06:20:30+00:00,TSLA,bull,MacroAgent,BUY,0.6,0.08,Macro RISK ON: SPY=11.01% GLD=-12.50% TLT=-2.80%,False
78ba1154,2026-06-04T06:20:30+00:00,TSLA,bull,TrendFollowingAgent,HOLD,0.3,0.0,"No trend setup (ADX=27.2, bull=False)",False
78ba1154,2026-06-04T06:20:30+00:00,TSLA,bull,DividendArbitrageAgent,HOLD,0.2,0.0,No dividend data available,False
78ba1154,2026-06-04T06:20:30+00:00,TSLA,bull,PairsTradingAgent,HOLD,0.1,0.0,No pair defined for this symbol,False
78ba1154,2026-06-04T06:20:30+00:00,TSLA,bull,VolatilityAgent,HOLD,0.3,0.0,Vol HOLD: VIX=16.06 | z=-0.62 | mom5=-1.4%,False
78ba1154,2026-06-04T06:20:32+00:00,AMD,bull,DummyHoldAgent,HOLD,0.0,0.0,Baseline hold,False
78ba1154,2026-06-04T06:20:32+00:00,AMD,bull,BuffettAgent,BUY,0.7,0.1,Buffett screen passed (stable + trend + near-high),False
78ba1154,2026-06-04T06:20:32+00:00,AMD,bull,CitadelAgent,HOLD,0.3,0.0,No Citadel momentum setup,False
78ba1154,2026-06-04T06:20:32+00:00,AMD,bull,MeanReversionAgent,HOLD,0.3,0.0,No mean reversion setup (RSI=74.1),False
78ba1154,2026-06-04T06:20:32+00:00,AMD,bull,MacroAgent,BUY,0.6,0.08,Macro RISK ON: SPY=11.01% GLD=-12.50% TLT=-2.80%,False
78ba1154,2026-06-04T06:20:32+00:00,AMD,bull,TrendFollowingAgent,BUY,0.9,0.1,TrendFollow BUY: MAs alignées + ADX=33.7 + mom20=52.71%,True
78ba1154,2026-06-04T06:20:32+00:00,AMD,bull,DividendArbitrageAgent,HOLD,0.2,0.0,DivArb: yield=0.000% trop faible,False
78ba1154,2026-06-04T06:20:32+00:00,AMD,bull,PairsTradingAgent,HOLD,0.1,0.0,No pair defined for this symbol,False
78ba1154,2026-06-04T06:20:32+00:00,AMD,bull,VolatilityAgent,HOLD,0.3,0.0,Vol HOLD: VIX=16.06 | z=-0.62 | mom5=-1.4%,False
0e01d676,2026-06-04T18:35:28+00:00,AAPL,bull,DummyHoldAgent,HOLD,0.0,0.0,Baseline hold,False
0e01d676,2026-06-04T18:35:28+00:00,AAPL,bull,BuffettAgent,BUY,0.9,0.1,Buffett screen passed (stable + trend + near-high),True
0e01d676,2026-06-04T18:35:28+00:00,AAPL,bull,CitadelAgent,HOLD,0.3,0.0,No Citadel momentum setup,False
0e01d676,2026-06-04T18:35:28+00:00,AAPL,bull,MeanReversionAgent,HOLD,0.3,0.0,No mean reversion setup (RSI=66.2),False
0e01d676,2026-06-04T18:35:28+00:00,AAPL,bull,MacroAgent,BUY,0.6,0.08,Macro RISK ON: SPY=13.01% GLD=-13.29% TLT=-2.30%,False
0e01d676,2026-06-04T18:35:28+00:00,AAPL,bull,TrendFollowingAgent,BUY,0.9,0.1,TrendFollow BUY: MAs alignées + ADX=75.8 + mom20=8.48%,False
0e01d676,2026-06-04T18:35:28+00:00,AAPL,bull,DividendArbitrageAgent,HOLD,0.2,0.0,DivArb: yield=0.087% trop faible,False
0e01d676,2026-06-04T18:35:28+00:00,AAPL,bull,PairsTradingAgent,HOLD,0.3,0.0,PairsTrading HOLD: z-score=1.27 (seuil=2.0),False
0e01d676,2026-06-04T18:35:28+00:00,AAPL,bull,VolatilityAgent,HOLD,0.3,0.0,Vol HOLD: VIX=15.36 | z=-0.83 | mom5=-2.4%,False
0e01d676,2026-06-04T18:35:30+00:00,SPY,bull,DummyHoldAgent,HOLD,0.0,0.0,Baseline hold,False
0e01d676,2026-06-04T18:35:30+00:00,SPY,bull,BuffettAgent,BUY,0.9,0.1,Buffett screen passed (stable + trend + near-high),True
0e01d676,2026-06-04T18:35:30+00:00,SPY,bull,CitadelAgent,HOLD,0.3,0.0,No Citadel momentum setup,False
0e01d676,2026-06-04T18:35:30+00:00,SPY,bull,MeanReversionAgent,HOLD,0.3,0.0,No mean reversion setup (RSI=59.7),False
0e01d676,2026-06-04T18:35:30+00:00,SPY,bull,MacroAgent,BUY,0.6,0.08,Macro RISK ON: SPY=13.01% GLD=-13.29% TLT=-2.30%,False
0e01d676,2026-06-04T18:35:30+00:00,SPY,bull,TrendFollowingAgent,BUY,0.9,0.1,TrendFollow BUY: MAs alignées + ADX=33.0 + mom20=3.26%,False
0e01d676,2026-06-04T18:35:30+00:00,SPY,bull,DividendArbitrageAgent,HOLD,0.2,0.0,No dividend data available,False
0e01d676,2026-06-04T18:35:30+00:00,SPY,bull,PairsTradingAgent,HOLD,0.3,0.0,PairsTrading HOLD: z-score=-1.63 (seuil=2.0),False
0e01d676,2026-06-04T18:35:30+00:00,SPY,bull,VolatilityAgent,HOLD,0.3,0.0,Vol HOLD: VIX=15.36 | z=-0.83 | mom5=-2.4%,False
0e01d676,2026-06-04T18:35:32+00:00,QQQ,bull,DummyHoldAgent,HOLD,0.0,0.0,Baseline hold,False
0e01d676,2026-06-04T18:35:32+00:00,QQQ,bull,BuffettAgent,BUY,0.9,0.1,Buffett screen passed (stable + trend + near-high),True
0e01d676,2026-06-04T18:35:32+00:00,QQQ,bull,CitadelAgent,HOLD,0.3,0.0,No Citadel momentum setup,False
0e01d676,2026-06-04T18:35:32+00:00,QQQ,bull,MeanReversionAgent,HOLD,0.3,0.0,No mean reversion setup (RSI=67.0),False
0e01d676,2026-06-04T18:35:32+00:00,QQQ,bull,MacroAgent,BUY,0.6,0.08,Macro RISK ON: SPY=13.01% GLD=-13.29% TLT=-2.30%,False
0e01d676,2026-06-04T18:35:32+00:00,QQQ,bull,TrendFollowingAgent,BUY,0.9,0.1,TrendFollow BUY: MAs alignées + ADX=33.7 + mom20=6.77%,False
0e01d676,2026-06-04T18:35:32+00:00,QQQ,bull,DividendArbitrageAgent,HOLD,0.2,0.0,No dividend data available,False
0e01d676,2026-06-04T18:35:32+00:00,QQQ,bull,PairsTradingAgent,HOLD,0.1,0.0,No pair defined for this symbol,False
0e01d676,2026-06-04T18:35:32+00:00,QQQ,bull,VolatilityAgent,HOLD,0.3,0.0,Vol HOLD: VIX=15.36 | z=-0.83 | mom5=-2.4%,False
0e01d676,2026-06-04T18:35:34+00:00,NVDA,bull,DummyHoldAgent,HOLD,0.0,0.0,Baseline hold,False
0e01d676,2026-06-04T18:35:34+00:00,NVDA,bull,BuffettAgent,BUY,0.9,0.1,Buffett screen passed (stable + trend + near-high),True
0e01d676,2026-06-04T18:35:34+00:00,NVDA,bull,CitadelAgent,HOLD,0.3,0.0,No Citadel momentum setup,False
0e01d676,2026-06-04T18:35:34+00:00,NVDA,bull,MeanReversionAgent,HOLD,0.3,0.0,No mean reversion setup (RSI=37.5),False
0e01d676,2026-06-04T18:35:34+00:00,NVDA,bull,MacroAgent,BUY,0.6,0.08,Macro RISK ON: SPY=13.01% GLD=-13.29% TLT=-2.30%,False
0e01d676,2026-06-04T18:35:34+00:00,NVDA,bull,TrendFollowingAgent,HOLD,0.3,0.0,"No trend setup (ADX=21.8, bull=True)",False
0e01d676,2026-06-04T18:35:34+00:00,NVDA,bull,DividendArbitrageAgent,HOLD,0.2,0.0,DivArb: yield=0.114% trop faible,False
0e01d676,2026-06-04T18:35:34+00:00,NVDA,bull,PairsTradingAgent,HOLD,0.1,0.0,No pair defined for this symbol,False
0e01d676,2026-06-04T18:35:34+00:00,NVDA,bull,VolatilityAgent,HOLD,0.3,0.0,Vol HOLD: VIX=15.37 | z=-0.83 | mom5=-2.4%,False
0e01d676,2026-06-04T18:35:35+00:00,MSFT,bull,DummyHoldAgent,HOLD,0.0,0.0,Baseline hold,False
0e01d676,2026-06-04T18:35:35+00:00,MSFT,bull,BuffettAgent,HOLD,0.55,0.0,Buffett screen not strong enough,False
0e01d676,2026-06-04T18:35:35+00:00,MSFT,bull,CitadelAgent,HOLD,0.1,0.0,No Citadel momentum setup,False
0e01d676,2026-06-04T18:35:35+00:00,MSFT,bull,MeanReversionAgent,HOLD,0.3,0.0,No mean reversion setup (RSI=58.9),False
0e01d676,2026-06-04T18:35:35+00:00,MSFT,bull,MacroAgent,BUY,0.6,0.08,Macro RISK ON: SPY=13.01% GLD=-13.30% TLT=-2.30%,True
0e01d676,2026-06-04T18:35:35+00:00,MSFT,bull,TrendFollowingAgent,HOLD,0.3,0.0,"No trend setup (ADX=26.2, bull=False)",False
0e01d676,2026-06-04T18:35:35+00:00,MSFT,bull,DividendArbitrageAgent,HOLD,0.2,0.0,DivArb: yield=0.212% trop faible,False
0e01d676,2026-06-04T18:35:35+00:00,MSFT,bull,PairsTradingAgent,HOLD,0.1,0.0,No pair defined for this symbol,False
0e01d676,2026-06-04T18:35:35+00:00,MSFT,bull,VolatilityAgent,HOLD,0.3,0.0,Vol HOLD: VIX=15.37 | z=-0.83 | mom5=-2.4%,False
0e01d676,2026-06-04T18:35:37+00:00,GOOGL,bull,DummyHoldAgent,HOLD,0.0,0.0,Baseline hold,False
0e01d676,2026-06-04T18:35:37+00:00,GOOGL,bull,BuffettAgent,BUY,0.9,0.1,Buffett screen passed (stable + trend + near-high),True
0e01d676,2026-06-04T18:35:37+00:00,GOOGL,bull,CitadelAgent,HOLD,0.3,0.0,No Citadel momentum setup,False
0e01d676,2026-06-04T18:35:37+00:00,GOOGL,bull,MeanReversionAgent,HOLD,0.3,0.0,No mean reversion setup (RSI=30.1),False
0e01d676,2026-06-04T18:35:37+00:00,GOOGL,bull,MacroAgent,BUY,0.6,0.08,Macro RISK ON: SPY=13.01% GLD=-13.30% TLT=-2.30%,False
0e01d676,2026-06-04T18:35:37+00:00,GOOGL,bull,TrendFollowingAgent,HOLD,0.3,0.0,"No trend setup (ADX=25.0, bull=False)",False
0e01d676,2026-06-04T18:35:37+00:00,GOOGL,bull,DividendArbitrageAgent,HOLD,0.2,0.0,DivArb: ex-date dans 4j (hors fenêtre),False
0e01d676,2026-06-04T18:35:37+00:00,GOOGL,bull,PairsTradingAgent,HOLD,0.1,0.0,No pair defined for this symbol,False
0e01d676,2026-06-04T18:35:37+00:00,GOOGL,bull,VolatilityAgent,HOLD,0.3,0.0,Vol HOLD: VIX=15.37 | z=-0.83 | mom5=-2.4%,False
0e01d676,2026-06-04T18:35:38+00:00,META,bull,DummyHoldAgent,HOLD,0.0,0.0,Baseline hold,False
0e01d676,2026-06-04T18:35:38+00:00,META,bull,BuffettAgent,HOLD,0.55,0.0,Buffett screen not strong enough,False
0e01d676,2026-06-04T18:35:38+00:00,META,bull,CitadelAgent,HOLD,0.1,0.0,No Citadel momentum setup,False
0e01d676,2026-06-04T18:35:38+00:00,META,bull,MeanReversionAgent,HOLD,0.3,0.0,No mean reversion setup (RSI=53.3),False
0e01d676,2026-06-04T18:35:38+00:00,META,bull,MacroAgent,BUY,0.6,0.08,Macro RISK ON: SPY=13.01% GLD=-13.30% TLT=-2.30%,True
0e01d676,2026-06-04T18:35:38+00:00,META,bull,TrendFollowingAgent,HOLD,0.3,0.0,"No trend setup (ADX=20.0, bull=False)",False
0e01d676,2026-06-04T18:35:38+00:00,META,bull,DividendArbitrageAgent,HOLD,0.2,0.0,DivArb: ex-date dans 11j (hors fenêtre),False
0e01d676,2026-06-04T18:35:38+00:00,META,bull,PairsTradingAgent,HOLD,0.1,0.0,No pair defined for this symbol,False
0e01d676,2026-06-04T18:35:38+00:00,META,bull,VolatilityAgent,HOLD,0.3,0.0,Vol HOLD: VIX=15.37 | z=-0.83 | mom5=-2.4%,False
0e01d676,2026-06-04T18:35:40+00:00,JPM,bull,DummyHoldAgent,HOLD,0.0,0.0,Baseline hold,False
0e01d676,2026-06-04T18:35:40+00:00,JPM,bull,BuffettAgent,BUY,0.9,0.1,Buffett screen passed (stable + trend + near-high),True
0e01d676,2026-06-04T18:35:40+00:00,JPM,bull,CitadelAgent,HOLD,0.1,0.0,No Citadel momentum setup,False
0e01d676,2026-06-04T18:35:40+00:00,JPM,bull,MeanReversionAgent,HOLD,0.3,0.0,No mean reversion setup (RSI=60.6),False
0e01d676,2026-06-04T18:35:40+00:00,JPM,bull,MacroAgent,BUY,0.6,0.08,Macro RISK ON: SPY=13.01% GLD=-13.30% TLT=-2.30%,False
0e01d676,2026-06-04T18:35:40+00:00,JPM,bull,TrendFollowingAgent,HOLD,0.3,0.0,"No trend setup (ADX=27.3, bull=False)",False
0e01d676,2026-06-04T18:35:40+00:00,JPM,bull,DividendArbitrageAgent,HOLD,0.2,0.0,DivArb: ex-date dans 32j (hors fenêtre),False
0e01d676,2026-06-04T18:35:40+00:00,JPM,bull,PairsTradingAgent,BUY,0.769,0.08,PairsTrading BUY: JPM sous-évalué vs GS | z=-2.38,False
0e01d676,2026-06-04T18:35:40+00:00,JPM,bull,VolatilityAgent,HOLD,0.3,0.0,Vol HOLD: VIX=15.37 | z=-0.83 | mom5=-2.4%,False
0e01d676,2026-06-04T18:35:42+00:00,GS,bull,DummyHoldAgent,HOLD,0.0,0.0,Baseline hold,False
0e01d676,2026-06-04T18:35:42+00:00,GS,bull,BuffettAgent,BUY,0.9,0.1,Buffett screen passed (stable + trend + near-high),True
0e01d676,2026-06-04T18:35:42+00:00,GS,bull,CitadelAgent,HOLD,0.3,0.0,No Citadel momentum setup,False
0e01d676,2026-06-04T18:35:42+00:00,GS,bull,MeanReversionAgent,HOLD,0.3,0.0,No mean reversion setup (RSI=74.7),False
0e01d676,2026-06-04T18:35:42+00:00,GS,bull,MacroAgent,BUY,0.6,0.08,Macro RISK ON: SPY=13.01% GLD=-13.30% TLT=-2.30%,False
0e01d676,2026-06-04T18:35:42+00:00,GS,bull,TrendFollowingAgent,BUY,0.9,0.1,TrendFollow BUY: MAs alignées + ADX=31.4 + mom20=17.09%,False
0e01d676,2026-06-04T18:35:42+00:00,GS,bull,DividendArbitrageAgent,HOLD,0.2,0.0,DivArb: pas de setup,False
0e01d676,2026-06-04T18:35:42+00:00,GS,bull,PairsTradingAgent,HOLD,0.1,0.0,No pair defined for this symbol,False
0e01d676,2026-06-04T18:35:42+00:00,GS,bull,VolatilityAgent,HOLD,0.3,0.0,Vol HOLD: VIX=15.37 | z=-0.83 | mom5=-2.4%,False
0e01d676,2026-06-04T18:35:44+00:00,GLD,bull,DummyHoldAgent,HOLD,0.0,0.0,Baseline hold,False
0e01d676,2026-06-04T18:35:44+00:00,GLD,bull,BuffettAgent,BUY,0.7,0.1,Buffett screen passed (stable + trend + near-high),True
0e01d676,2026-06-04T18:35:44+00:00,GLD,bull,CitadelAgent,HOLD,0.3,0.0,No Citadel momentum setup,False
0e01d676,2026-06-04T18:35:44+00:00,GLD,bull,MeanReversionAgent,HOLD,0.3,0.0,No mean reversion setup (RSI=34.9),False
0e01d676,2026-06-04T18:35:44+00:00,GLD,bull,MacroAgent,BUY,0.6,0.08,Macro RISK ON: SPY=13.01% GLD=-13.30% TLT=-2.30%,False
0e01d676,2026-06-04T18:35:44+00:00,GLD,bull,TrendFollowingAgent,HOLD,0.3,0.0,"No trend setup (ADX=26.8, bull=False)",False
0e01d676,2026-06-04T18:35:44+00:00,GLD,bull,DividendArbitrageAgent,HOLD,0.2,0.0,No dividend data available,False
0e01d676,2026-06-04T18:35:44+00:00,GLD,bull,PairsTradingAgent,HOLD,0.3,0.0,PairsTrading HOLD: z-score=-1.25 (seuil=2.0),False
0e01d676,2026-06-04T18:35:44+00:00,GLD,bull,VolatilityAgent,HOLD,0.3,0.0,Vol HOLD: VIX=15.37 | z=-0.83 | mom5=-2.4%,False
0e01d676,2026-06-04T18:35:46+00:00,BRK-B,bull,DummyHoldAgent,HOLD,0.0,0.0,Baseline hold,False
0e01d676,2026-06-04T18:35:46+00:00,BRK-B,bull,BuffettAgent,BUY,0.7,0.1,Buffett screen passed (stable + trend + near-high),True
0e01d676,2026-06-04T18:35:46+00:00,BRK-B,bull,CitadelAgent,HOLD,0.1,0.0,No Citadel momentum setup,False
0e01d676,2026-06-04T18:35:46+00:00,BRK-B,bull,MeanReversionAgent,HOLD,0.3,0.0,No mean reversion setup (RSI=40.9),False
0e01d676,2026-06-04T18:35:46+00:00,BRK-B,bull,MacroAgent,BUY,0.6,0.08,Macro RISK ON: SPY=13.01% GLD=-13.30% TLT=-2.30%,False
0e01d676,2026-06-04T18:35:46+00:00,BRK-B,bull,TrendFollowingAgent,HOLD,0.3,0.0,"No trend setup (ADX=29.0, bull=False)",False
0e01d676,2026-06-04T18:35:46+00:00,BRK-B,bull,DividendArbitrageAgent,HOLD,0.2,0.0,No dividend data available,False
0e01d676,2026-06-04T18:35:46+00:00,BRK-B,bull,PairsTradingAgent,HOLD,0.1,0.0,No pair defined for this symbol,False
0e01d676,2026-06-04T18:35:46+00:00,BRK-B,bull,VolatilityAgent,HOLD,0.3,0.0,Vol HOLD: VIX=15.37 | z=-0.83 | mom5=-2.4%,False
0e01d676,2026-06-04T18:35:48+00:00,JNJ,bull,DummyHoldAgent,HOLD,0.0,0.0,Baseline hold,False
0e01d676,2026-06-04T18:35:48+00:00,JNJ,bull,BuffettAgent,BUY,0.9,0.1,Buffett screen passed (stable + trend + near-high),True
0e01d676,2026-06-04T18:35:48+00:00,JNJ,bull,CitadelAgent,HOLD,0.3,0.0,No Citadel momentum setup,False
0e01d676,2026-06-04T18:35:48+00:00,JNJ,bull,MeanReversionAgent,HOLD,0.3,0.0,No mean reversion setup (RSI=47.8),False
0e01d676,2026-06-04T18:35:48+00:00,JNJ,bull,MacroAgent,BUY,0.6,0.08,Macro RISK ON: SPY=13.01% GLD=-13.30% TLT=-2.30%,False
0e01d676,2026-06-04T18:35:48+00:00,JNJ,bull,TrendFollowingAgent,HOLD,0.3,0.0,"No trend setup (ADX=13.2, bull=False)",False
0e01d676,2026-06-04T18:35:48+00:00,JNJ,bull,DividendArbitrageAgent,HOLD,0.2,0.0,DivArb: pas de setup,False
0e01d676,2026-06-04T18:35:48+00:00,JNJ,bull,PairsTradingAgent,HOLD,0.1,0.0,No pair defined for this symbol,False
0e01d676,2026-06-04T18:35:48+00:00,JNJ,bull,VolatilityAgent,HOLD,0.3,0.0,Vol HOLD: VIX=15.36 | z=-0.83 | mom5=-2.4%,False
0e01d676,2026-06-04T18:35:49+00:00,TSLA,bull,DummyHoldAgent,HOLD,0.0,0.0,Baseline hold,False
0e01d676,2026-06-04T18:35:49+00:00,TSLA,bull,BuffettAgent,BUY,0.9,0.1,Buffett screen passed (stable + trend + near-high),True
0e01d676,2026-06-04T18:35:49+00:00,TSLA,bull,CitadelAgent,HOLD,0.1,0.0,No Citadel momentum setup,False
0e01d676,2026-06-04T18:35:49+00:00,TSLA,bull,MeanReversionAgent,HOLD,0.3,0.0,No mean reversion setup (RSI=39.7),False
0e01d676,2026-06-04T18:35:49+00:00,TSLA,bull,MacroAgent,BUY,0.6,0.08,Macro RISK ON: SPY=13.01% GLD=-13.30% TLT=-2.31%,False
0e01d676,2026-06-04T18:35:49+00:00,TSLA,bull,TrendFollowingAgent,HOLD,0.3,0.0,"No trend setup (ADX=23.6, bull=False)",False
0e01d676,2026-06-04T18:35:49+00:00,TSLA,bull,DividendArbitrageAgent,HOLD,0.2,0.0,No dividend data available,False
0e01d676,2026-06-04T18:35:49+00:00,TSLA,bull,PairsTradingAgent,HOLD,0.1,0.0,No pair defined for this symbol,False
0e01d676,2026-06-04T18:35:49+00:00,TSLA,bull,VolatilityAgent,HOLD,0.3,0.0,Vol HOLD: VIX=15.36 | z=-0.83 | mom5=-2.4%,False
0e01d676,2026-06-04T18:35:51+00:00,AMD,bull,DummyHoldAgent,HOLD,0.0,0.0,Baseline hold,False
0e01d676,2026-06-04T18:35:51+00:00,AMD,bull,BuffettAgent,BUY,0.7,0.1,Buffett screen passed (stable + trend + near-high),False
0e01d676,2026-06-04T18:35:51+00:00,AMD,bull,CitadelAgent,HOLD,0.3,0.0,No Citadel momentum setup,False
0e01d676,2026-06-04T18:35:51+00:00,AMD,bull,MeanReversionAgent,HOLD,0.3,0.0,No mean reversion setup (RSI=68.8),False
0e01d676,2026-06-04T18:35:51+00:00,AMD,bull,MacroAgent,BUY,0.6,0.08,Macro RISK ON: SPY=13.01% GLD=-13.30% TLT=-2.31%,False
0e01d676,2026-06-04T18:35:51+00:00,AMD,bull,TrendFollowingAgent,BUY,0.9,0.1,TrendFollow BUY: MAs alignées + ADX=32.1 + mom20=25.52%,True
0e01d676,2026-06-04T18:35:51+00:00,AMD,bull,DividendArbitrageAgent,HOLD,0.2,0.0,DivArb: yield=0.000% trop faible,False
0e01d676,2026-06-04T18:35:51+00:00,AMD,bull,PairsTradingAgent,HOLD,0.1,0.0,No pair defined for this symbol,False
0e01d676,2026-06-04T18:35:51+00:00,AMD,bull,VolatilityAgent,HOLD,0.3,0.0,Vol HOLD: VIX=15.36 | z=-0.83 | mom5=-2.4%,False
47bff01d,2026-06-04T18:36:45+00:00,AAPL,bull,DummyHoldAgent,HOLD,0.0,0.0,Baseline hold,False
47bff01d,2026-06-04T18:36:45+00:00,AAPL,bull,BuffettAgent,BUY,0.9,0.1,Buffett screen passed (stable + trend + near-high),True
47bff01d,2026-06-04T18:36:45+00:00,AAPL,bull,CitadelAgent,HOLD,0.3,0.0,No Citadel momentum setup,False
47bff01d,2026-06-04T18:36:45+00:00,AAPL,bull,MeanReversionAgent,HOLD,0.3,0.0,No mean reversion setup (RSI=66.4),False
47bff01d,2026-06-04T18:36:45+00:00,AAPL,bull,MacroAgent,BUY,0.6,0.08,Macro RISK ON: SPY=13.02% GLD=-13.31% TLT=-2.30%,False
47bff01d,2026-06-04T18:36:45+00:00,AAPL,bull,TrendFollowingAgent,BUY,0.9,0.1,TrendFollow BUY: MAs alignées + ADX=75.8 + mom20=8.57%,False
47bff01d,2026-06-04T18:36:45+00:00,AAPL,bull,DividendArbitrageAgent,HOLD,0.2,0.0,DivArb: yield=0.087% trop faible,False
47bff01d,2026-06-04T18:36:45+00:00,AAPL,bull,PairsTradingAgent,HOLD,0.3,0.0,PairsTrading HOLD: z-score=1.27 (seuil=2.0),False
47bff01d,2026-06-04T18:36:45+00:00,AAPL,bull,VolatilityAgent,HOLD,0.3,0.0,Vol HOLD: VIX=15.36 | z=-0.83 | mom5=-2.4%,False
47bff01d,2026-06-04T18:36:47+00:00,SPY,bull,DummyHoldAgent,HOLD,0.0,0.0,Baseline hold,False
47bff01d,2026-06-04T18:36:47+00:00,SPY,bull,BuffettAgent,BUY,0.9,0.1,Buffett screen passed (stable + trend + near-high),True
47bff01d,2026-06-04T18:36:47+00:00,SPY,bull,CitadelAgent,HOLD,0.3,0.0,No Citadel momentum setup,False
47bff01d,2026-06-04T18:36:47+00:00,SPY,bull,MeanReversionAgent,HOLD,0.3,0.0,No mean reversion setup (RSI=59.8),False
47bff01d,2026-06-04T18:36:47+00:00,SPY,bull,MacroAgent,BUY,0.6,0.08,Macro RISK ON: SPY=13.02% GLD=-13.31% TLT=-2.30%,False
47bff01d,2026-06-04T18:36:47+00:00,SPY,bull,TrendFollowingAgent,BUY,0.9,0.1,TrendFollow BUY: MAs alignées + ADX=33.0 + mom20=3.27%,False
47bff01d,2026-06-04T18:36:47+00:00,SPY,bull,DividendArbitrageAgent,HOLD,0.2,0.0,No dividend data available,False
47bff01d,2026-06-04T18:36:47+00:00,SPY,bull,PairsTradingAgent,HOLD,0.3,0.0,PairsTrading HOLD: z-score=-1.62 (seuil=2.0),False
47bff01d,2026-06-04T18:36:47+00:00,SPY,bull,VolatilityAgent,HOLD,0.3,0.0,Vol HOLD: VIX=15.36 | z=-0.83 | mom5=-2.4%,False
47bff01d,2026-06-04T18:36:48+00:00,QQQ,bull,DummyHoldAgent,HOLD,0.0,0.0,Baseline hold,False
47bff01d,2026-06-04T18:36:48+00:00,QQQ,bull,BuffettAgent,BUY,0.9,0.1,Buffett screen passed (stable + trend + near-high),True
47bff01d,2026-06-04T18:36:48+00:00,QQQ,bull,CitadelAgent,HOLD,0.3,0.0,No Citadel momentum setup,False
47bff01d,2026-06-04T18:36:48+00:00,QQQ,bull,MeanReversionAgent,HOLD,0.3,0.0,No mean reversion setup (RSI=66.8),False
47bff01d,2026-06-04T18:36:48+00:00,QQQ,bull,MacroAgent,BUY,0.6,0.08,Macro RISK ON: SPY=13.02% GLD=-13.30% TLT=-2.30%,False
47bff01d,2026-06-04T18:36:48+00:00,QQQ,bull,TrendFollowingAgent,BUY,0.9,0.1,TrendFollow BUY: MAs alignées + ADX=33.7 + mom20=6.74%,False
47bff01d,2026-06-04T18:36:48+00:00,QQQ,bull,DividendArbitrageAgent,HOLD,0.2,0.0,No dividend data available,False
47bff01d,2026-06-04T18:36:48+00:00,QQQ,bull,PairsTradingAgent,HOLD,0.1,0.0,No pair defined for this symbol,False
47bff01d,2026-06-04T18:36:48+00:00,QQQ,bull,VolatilityAgent,HOLD,0.3,0.0,Vol HOLD: VIX=15.36 | z=-0.83 | mom5=-2.4%,False
47bff01d,2026-06-04T18:36:50+00:00,NVDA,bull,DummyHoldAgent,HOLD,0.0,0.0,Baseline hold,False
47bff01d,2026-06-04T18:36:50+00:00,NVDA,bull,BuffettAgent,BUY,0.9,0.1,Buffett screen passed (stable + trend + near-high),True
47bff01d,2026-06-04T18:36:50+00:00,NVDA,bull,CitadelAgent,HOLD,0.3,0.0,No Citadel momentum setup,False
47bff01d,2026-06-04T18:36:50+00:00,NVDA,bull,MeanReversionAgent,HOLD,0.3,0.0,No mean reversion setup (RSI=37.3),False
47bff01d,2026-06-04T18:36:50+00:00,NVDA,bull,MacroAgent,BUY,0.6,0.08,Macro RISK ON: SPY=13.02% GLD=-13.31% TLT=-2.30%,False
47bff01d,2026-06-04T18:36:50+00:00,NVDA,bull,TrendFollowingAgent,HOLD,0.3,0.0,"No trend setup (ADX=21.8, bull=True)",False
47bff01d,2026-06-04T18:36:50+00:00,NVDA,bull,DividendArbitrageAgent,HOLD,0.2,0.0,DivArb: yield=0.114% trop faible,False
47bff01d,2026-06-04T18:36:50+00:00,NVDA,bull,PairsTradingAgent,HOLD,0.1,0.0,No pair defined for this symbol,False
47bff01d,2026-06-04T18:36:50+00:00,NVDA,bull,VolatilityAgent,HOLD,0.3,0.0,Vol HOLD: VIX=15.36 | z=-0.83 | mom5=-2.4%,False
47bff01d,2026-06-04T18:36:51+00:00,MSFT,bull,DummyHoldAgent,HOLD,0.0,0.0,Baseline hold,False
47bff01d,2026-06-04T18:36:51+00:00,MSFT,bull,BuffettAgent,HOLD,0.55,0.0,Buffett screen not strong enough,False
47bff01d,2026-06-04T18:36:51+00:00,MSFT,bull,CitadelAgent,HOLD,0.1,0.0,No Citadel momentum setup,False
47bff01d,2026-06-04T18:36:51+00:00,MSFT,bull,MeanReversionAgent,HOLD,0.3,0.0,No mean reversion setup (RSI=58.9),False
47bff01d,2026-06-04T18:36:51+00:00,MSFT,bull,MacroAgent,BUY,0.6,0.08,Macro RISK ON: SPY=13.02% GLD=-13.30% TLT=-2.30%,True
47bff01d,2026-06-04T18:36:51+00:00,MSFT,bull,TrendFollowingAgent,HOLD,0.3,0.0,"No trend setup (ADX=26.2, bull=False)",False
47bff01d,2026-06-04T18:36:51+00:00,MSFT,bull,DividendArbitrageAgent,HOLD,0.2,0.0,DivArb: yield=0.212% trop faible,False
47bff01d,2026-06-04T18:36:51+00:00,MSFT,bull,PairsTradingAgent,HOLD,0.1,0.0,No pair defined for this symbol,False
47bff01d,2026-06-04T18:36:51+00:00,MSFT,bull,VolatilityAgent,HOLD,0.3,0.0,Vol HOLD: VIX=15.36 | z=-0.83 | mom5=-2.4%,False
47bff01d,2026-06-04T18:36:52+00:00,GOOGL,bull,DummyHoldAgent,HOLD,0.0,0.0,Baseline hold,False
47bff01d,2026-06-04T18:36:52+00:00,GOOGL,bull,BuffettAgent,BUY,0.9,0.1,Buffett screen passed (stable + trend + near-high),True
47bff01d,2026-06-04T18:36:52+00:00,GOOGL,bull,CitadelAgent,HOLD,0.3,0.0,No Citadel momentum setup,False
47bff01d,2026-06-04T18:36:52+00:00,GOOGL,bull,MeanReversionAgent,HOLD,0.3,0.0,No mean reversion setup (RSI=30.3),False
47bff01d,2026-06-04T18:36:52+00:00,GOOGL,bull,MacroAgent,BUY,0.6,0.08,Macro RISK ON: SPY=13.02% GLD=-13.30% TLT=-2.30%,False
47bff01d,2026-06-04T18:36:52+00:00,GOOGL,bull,TrendFollowingAgent,HOLD,0.3,0.0,"No trend setup (ADX=25.0, bull=False)",False
47bff01d,2026-06-04T18:36:52+00:00,GOOGL,bull,DividendArbitrageAgent,HOLD,0.2,0.0,DivArb: ex-date dans 4j (hors fenêtre),False
47bff01d,2026-06-04T18:36:52+00:00,GOOGL,bull,PairsTradingAgent,HOLD,0.1,0.0,No pair defined for this symbol,False
47bff01d,2026-06-04T18:36:52+00:00,GOOGL,bull,VolatilityAgent,HOLD,0.3,0.0,Vol HOLD: VIX=15.36 | z=-0.83 | mom5=-2.4%,False
47bff01d,2026-06-04T18:36:54+00:00,META,bull,DummyHoldAgent,HOLD,0.0,0.0,Baseline hold,False
47bff01d,2026-06-04T18:36:54+00:00,META,bull,BuffettAgent,HOLD,0.55,0.0,Buffett screen not strong enough,False
47bff01d,2026-06-04T18:36:54+00:00,META,bull,CitadelAgent,HOLD,0.1,0.0,No Citadel momentum setup,False
47bff01d,2026-06-04T18:36:54+00:00,META,bull,MeanReversionAgent,HOLD,0.3,0.0,No mean reversion setup (RSI=53.5),False
47bff01d,2026-06-04T18:36:54+00:00,META,bull,MacroAgent,BUY,0.6,0.08,Macro RISK ON: SPY=13.02% GLD=-13.30% TLT=-2.31%,True
47bff01d,2026-06-04T18:36:54+00:00,META,bull,TrendFollowingAgent,HOLD,0.3,0.0,"No trend setup (ADX=20.0, bull=False)",False
47bff01d,2026-06-04T18:36:54+00:00,META,bull,DividendArbitrageAgent,HOLD,0.2,0.0,DivArb: ex-date dans 11j (hors fenêtre),False
47bff01d,2026-06-04T18:36:54+00:00,META,bull,PairsTradingAgent,HOLD,0.1,0.0,No pair defined for this symbol,False
47bff01d,2026-06-04T18:36:54+00:00,META,bull,VolatilityAgent,HOLD,0.3,0.0,Vol HOLD: VIX=15.36 | z=-0.83 | mom5=-2.4%,False
47bff01d,2026-06-04T18:36:56+00:00,JPM,bull,DummyHoldAgent,HOLD,0.0,0.0,Baseline hold,False
47bff01d,2026-06-04T18:36:56+00:00,JPM,bull,BuffettAgent,BUY,0.9,0.1,Buffett screen passed (stable + trend + near-high),True
47bff01d,2026-06-04T18:36:56+00:00,JPM,bull,CitadelAgent,HOLD,0.1,0.0,No Citadel momentum setup,False
47bff01d,2026-06-04T18:36:56+00:00,JPM,bull,MeanReversionAgent,HOLD,0.3,0.0,No mean reversion setup (RSI=60.6),False
47bff01d,2026-06-04T18:36:56+00:00,JPM,bull,MacroAgent,BUY,0.6,0.08,Macro RISK ON: SPY=13.02% GLD=-13.30% TLT=-2.31%,False
47bff01d,2026-06-04T18:36:56+00:00,JPM,bull,TrendFollowingAgent,HOLD,0.3,0.0,"No trend setup (ADX=27.3, bull=False)",False
47bff01d,2026-06-04T18:36:56+00:00,JPM,bull,DividendArbitrageAgent,HOLD,0.2,0.0,DivArb: ex-date dans 32j (hors fenêtre),False
47bff01d,2026-06-04T18:36:56+00:00,JPM,bull,PairsTradingAgent,BUY,0.76915,0.08,PairsTrading BUY: JPM sous-évalué vs GS | z=-2.38,False
47bff01d,2026-06-04T18:36:56+00:00,JPM,bull,VolatilityAgent,HOLD,0.3,0.0,Vol HOLD: VIX=15.36 | z=-0.83 | mom5=-2.4%,False
47bff01d,2026-06-04T18:36:57+00:00,GS,bull,DummyHoldAgent,HOLD,0.0,0.0,Baseline hold,False
47bff01d,2026-06-04T18:36:57+00:00,GS,bull,BuffettAgent,BUY,0.9,0.1,Buffett screen passed (stable + trend + near-high),True
47bff01d,2026-06-04T18:36:57+00:00,GS,bull,CitadelAgent,HOLD,0.3,0.0,No Citadel momentum setup,False
47bff01d,2026-06-04T18:36:57+00:00,GS,bull,MeanReversionAgent,HOLD,0.3,0.0,No mean reversion setup (RSI=74.6),False
47bff01d,2026-06-04T18:36:57+00:00,GS,bull,MacroAgent,BUY,0.6,0.08,Macro RISK ON: SPY=13.02% GLD=-13.29% TLT=-2.30%,False
47bff01d,2026-06-04T18:36:57+00:00,GS,bull,TrendFollowingAgent,BUY,0.9,0.1,TrendFollow BUY: MAs alignées + ADX=31.4 + mom20=17.05%,False
47bff01d,2026-06-04T18:36:57+00:00,GS,bull,DividendArbitrageAgent,HOLD,0.2,0.0,DivArb: pas de setup,False
47bff01d,2026-06-04T18:36:57+00:00,GS,bull,PairsTradingAgent,HOLD,0.1,0.0,No pair defined for this symbol,False
47bff01d,2026-06-04T18:36:57+00:00,GS,bull,VolatilityAgent,HOLD,0.3,0.0,Vol HOLD: VIX=15.36 | z=-0.83 | mom5=-2.4%,False
47bff01d,2026-06-04T18:36:59+00:00,GLD,bull,DummyHoldAgent,HOLD,0.0,0.0,Baseline hold,False
47bff01d,2026-06-04T18:36:59+00:00,GLD,bull,BuffettAgent,BUY,0.7,0.1,Buffett screen passed (stable + trend + near-high),True
47bff01d,2026-06-04T18:36:59+00:00,GLD,bull,CitadelAgent,HOLD,0.3,0.0,No Citadel momentum setup,False
47bff01d,2026-06-04T18:36:59+00:00,GLD,bull,MeanReversionAgent,HOLD,0.3,0.0,No mean reversion setup (RSI=34.8),False
47bff01d,2026-06-04T18:36:59+00:00,GLD,bull,MacroAgent,BUY,0.6,0.08,Macro RISK ON: SPY=13.02% GLD=-13.30% TLT=-2.30%,False
47bff01d,2026-06-04T18:36:59+00:00,GLD,bull,TrendFollowingAgent,HOLD,0.3,0.0,"No trend setup (ADX=26.8, bull=False)",False
47bff01d,2026-06-04T18:36:59+00:00,GLD,bull,DividendArbitrageAgent,HOLD,0.2,0.0,No dividend data available,False
47bff01d,2026-06-04T18:36:59+00:00,GLD,bull,PairsTradingAgent,HOLD,0.3,0.0,PairsTrading HOLD: z-score=-1.25 (seuil=2.0),False
47bff01d,2026-06-04T18:36:59+00:00,GLD,bull,VolatilityAgent,HOLD,0.3,0.0,Vol HOLD: VIX=15.36 | z=-0.83 | mom5=-2.4%,False
47bff01d,2026-06-04T18:37:01+00:00,BRK-B,bull,DummyHoldAgent,HOLD,0.0,0.0,Baseline hold,False
47bff01d,2026-06-04T18:37:01+00:00,BRK-B,bull,BuffettAgent,BUY,0.7,0.1,Buffett screen passed (stable + trend + near-high),True
47bff01d,2026-06-04T18:37:01+00:00,BRK-B,bull,CitadelAgent,HOLD,0.1,0.0,No Citadel momentum setup,False
47bff01d,2026-06-04T18:37:01+00:00,BRK-B,bull,MeanReversionAgent,HOLD,0.3,0.0,No mean reversion setup (RSI=41.1),False
47bff01d,2026-06-04T18:37:01+00:00,BRK-B,bull,MacroAgent,BUY,0.6,0.08,Macro RISK ON: SPY=13.03% GLD=-13.30% TLT=-2.31%,False
47bff01d,2026-06-04T18:37:01+00:00,BRK-B,bull,TrendFollowingAgent,HOLD,0.3,0.0,"No trend setup (ADX=29.0, bull=False)",False
47bff01d,2026-06-04T18:37:01+00:00,BRK-B,bull,DividendArbitrageAgent,HOLD,0.2,0.0,No dividend data available,False
47bff01d,2026-06-04T18:37:01+00:00,BRK-B,bull,PairsTradingAgent,HOLD,0.1,0.0,No pair defined for this symbol,False
47bff01d,2026-06-04T18:37:01+00:00,BRK-B,bull,VolatilityAgent,HOLD,0.3,0.0,Vol HOLD: VIX=15.36 | z=-0.83 | mom5=-2.4%,False
47bff01d,2026-06-04T18:37:02+00:00,JNJ,bull,DummyHoldAgent,HOLD,0.0,0.0,Baseline hold,False
47bff01d,2026-06-04T18:37:02+00:00,JNJ,bull,BuffettAgent,BUY,0.9,0.1,Buffett screen passed (stable + trend + near-high),True
47bff01d,2026-06-04T18:37:02+00:00,JNJ,bull,CitadelAgent,HOLD,0.3,0.0,No Citadel momentum setup,False
47bff01d,2026-06-04T18:37:02+00:00,JNJ,bull,MeanReversionAgent,HOLD,0.3,0.0,No mean reversion setup (RSI=47.9),False
47bff01d,2026-06-04T18:37:02+00:00,JNJ,bull,MacroAgent,BUY,0.6,0.08,Macro RISK ON: SPY=13.02% GLD=-13.29% TLT=-2.30%,False
47bff01d,2026-06-04T18:37:02+00:00,JNJ,bull,TrendFollowingAgent,HOLD,0.3,0.0,"No trend setup (ADX=13.2, bull=False)",False
47bff01d,2026-06-04T18:37:02+00:00,JNJ,bull,DividendArbitrageAgent,HOLD,0.2,0.0,DivArb: pas de setup,False
47bff01d,2026-06-04T18:37:02+00:00,JNJ,bull,PairsTradingAgent,HOLD,0.1,0.0,No pair defined for this symbol,False
47bff01d,2026-06-04T18:37:02+00:00,JNJ,bull,VolatilityAgent,HOLD,0.3,0.0,Vol HOLD: VIX=15.36 | z=-0.83 | mom5=-2.4%,False
47bff01d,2026-06-04T18:37:04+00:00,TSLA,bull,DummyHoldAgent,HOLD,0.0,0.0,Baseline hold,False
47bff01d,2026-06-04T18:37:04+00:00,TSLA,bull,BuffettAgent,BUY,0.9,0.1,Buffett screen passed (stable + trend + near-high),True
47bff01d,2026-06-04T18:37:04+00:00,TSLA,bull,CitadelAgent,HOLD,0.1,0.0,No Citadel momentum setup,False
47bff01d,2026-06-04T18:37:04+00:00,TSLA,bull,MeanReversionAgent,HOLD,0.3,0.0,No mean reversion setup (RSI=39.8),False
47bff01d,2026-06-04T18:37:04+00:00,TSLA,bull,MacroAgent,BUY,0.6,0.08,Macro RISK ON: SPY=13.03% GLD=-13.29% TLT=-2.30%,False
47bff01d,2026-06-04T18:37:04+00:00,TSLA,bull,TrendFollowingAgent,HOLD,0.3,0.0,"No trend setup (ADX=23.6, bull=False)",False
47bff01d,2026-06-04T18:37:04+00:00,TSLA,bull,DividendArbitrageAgent,HOLD,0.2,0.0,No dividend data available,False
47bff01d,2026-06-04T18:37:04+00:00,TSLA,bull,PairsTradingAgent,HOLD,0.1,0.0,No pair defined for this symbol,False
47bff01d,2026-06-04T18:37:04+00:00,TSLA,bull,VolatilityAgent,HOLD,0.3,0.0,Vol HOLD: VIX=15.36 | z=-0.83 | mom5=-2.4%,False
47bff01d,2026-06-04T18:37:05+00:00,AMD,bull,DummyHoldAgent,HOLD,0.0,0.0,Baseline hold,False
47bff01d,2026-06-04T18:37:05+00:00,AMD,bull,BuffettAgent,BUY,0.7,0.1,Buffett screen passed (stable + trend + near-high),False
47bff01d,2026-06-04T18:37:05+00:00,AMD,bull,CitadelAgent,HOLD,0.3,0.0,No Citadel momentum setup,False
47bff01d,2026-06-04T18:37:05+00:00,AMD,bull,MeanReversionAgent,HOLD,0.3,0.0,No mean reversion setup (RSI=68.5),False
47bff01d,2026-06-04T18:37:05+00:00,AMD,bull,MacroAgent,BUY,0.6,0.08,Macro RISK ON: SPY=13.03% GLD=-13.29% TLT=-2.30%,False
47bff01d,2026-06-04T18:37:05+00:00,AMD,bull,TrendFollowingAgent,BUY,0.9,0.1,TrendFollow BUY: MAs alignées + ADX=32.1 + mom20=25.26%,True
47bff01d,2026-06-04T18:37:05+00:00,AMD,bull,DividendArbitrageAgent,HOLD,0.2,0.0,DivArb: yield=0.000% trop faible,False
47bff01d,2026-06-04T18:37:05+00:00,AMD,bull,PairsTradingAgent,HOLD,0.1,0.0,No pair defined for this symbol,False
47bff01d,2026-06-04T18:37:05+00:00,AMD,bull,VolatilityAgent,HOLD,0.3,0.0,Vol HOLD: VIX=15.36 | z=-0.83 | mom5=-2.4%,False
e82c8b9c,2026-06-15T20:45:53+00:00,AAPL,bull,DummyHoldAgent,HOLD,0.0,0.0,Baseline hold,False
e82c8b9c,2026-06-15T20:45:53+00:00,AAPL,bull,BuffettAgent,BUY,0.9,0.1,Buffett screen passed (stable + trend + near-high),True
e82c8b9c,2026-06-15T20:45:53+00:00,AAPL,bull,CitadelAgent,HOLD,0.3,0.0,No Citadel momentum setup,False
e82c8b9c,2026-06-15T20:45:53+00:00,AAPL,bull,MeanReversionAgent,HOLD,0.3,0.0,No mean reversion setup (RSI=40.2),False
e82c8b9c,2026-06-15T20:45:53+00:00,AAPL,bull,MacroAgent,BUY,0.6,0.08,Macro RISK ON: SPY=12.84% GLD=-13.66% TLT=-0.83%,False
e82c8b9c,2026-06-15T20:45:53+00:00,AAPL,bull,TrendFollowingAgent,HOLD,0.3,0.0,"No trend setup (ADX=46.6, bull=False)",False
e82c8b9c,2026-06-15T20:45:53+00:00,AAPL,bull,DividendArbitrageAgent,HOLD,0.2,0.0,DivArb: yield=0.091% trop faible,False
e82c8b9c,2026-06-15T20:45:53+00:00,AAPL,bull,PairsTradingAgent,HOLD,0.3,0.0,PairsTrading HOLD: z-score=1.32 (seuil=2.0),False
e82c8b9c,2026-06-15T20:45:53+00:00,AAPL,bull,VolatilityAgent,HOLD,0.3,0.0,Vol HOLD: VIX=16.2 | z=-0.58 | mom5=-14.4%,False
e82c8b9c,2026-06-15T20:45:53+00:00,AAPL,bull,EarningsSentimentAgent,HOLD,0.1,0.0,EarningsSentiment: API error — TypeError,False
e82c8b9c,2026-06-15T20:45:56+00:00,SPY,bull,DummyHoldAgent,HOLD,0.0,0.0,Baseline hold,False
e82c8b9c,2026-06-15T20:45:56+00:00,SPY,bull,BuffettAgent,BUY,0.9,0.1,Buffett screen passed (stable + trend + near-high),True
e82c8b9c,2026-06-15T20:45:56+00:00,SPY,bull,CitadelAgent,HOLD,0.3,0.0,No Citadel momentum setup,False
e82c8b9c,2026-06-15T20:45:56+00:00,SPY,bull,MeanReversionAgent,HOLD,0.3,0.0,No mean reversion setup (RSI=52.6),False
e82c8b9c,2026-06-15T20:45:56+00:00,SPY,bull,MacroAgent,BUY,0.6,0.08,Macro RISK ON: SPY=12.84% GLD=-13.66% TLT=-0.83%,False
e82c8b9c,2026-06-15T20:45:56+00:00,SPY,bull,TrendFollowingAgent,BUY,0.75,0.1,TrendFollow BUY: MAs alignées + ADX=25.6 + mom20=2.12%,False
e82c8b9c,2026-06-15T20:45:56+00:00,SPY,bull,DividendArbitrageAgent,HOLD,0.2,0.0,No dividend data available,False
e82c8b9c,2026-06-15T20:45:56+00:00,SPY,bull,PairsTradingAgent,HOLD,0.3,0.0,PairsTrading HOLD: z-score=-1.51 (seuil=2.0),False
e82c8b9c,2026-06-15T20:45:56+00:00,SPY,bull,VolatilityAgent,HOLD,0.3,0.0,Vol HOLD: VIX=16.2 | z=-0.58 | mom5=-14.4%,False
e82c8b9c,2026-06-15T20:45:56+00:00,SPY,bull,EarningsSentimentAgent,HOLD,0.1,0.0,EarningsSentiment: API error — TypeError,False
e82c8b9c,2026-06-15T20:45:58+00:00,QQQ,bull,DummyHoldAgent,HOLD,0.0,0.0,Baseline hold,False
e82c8b9c,2026-06-15T20:45:58+00:00,QQQ,bull,BuffettAgent,BUY,0.9,0.1,Buffett screen passed (stable + trend + near-high),False
e82c8b9c,2026-06-15T20:45:58+00:00,QQQ,bull,CitadelAgent,BUY,0.8,0.12,Citadel v2: trend + momentum + volume,True
e82c8b9c,2026-06-15T20:45:58+00:00,QQQ,bull,MeanReversionAgent,HOLD,0.3,0.0,No mean reversion setup (RSI=54.8),False
e82c8b9c,2026-06-15T20:45:58+00:00,QQQ,bull,MacroAgent,BUY,0.6,0.08,Macro RISK ON: SPY=12.84% GLD=-13.66% TLT=-0.83%,False
e82c8b9c,2026-06-15T20:45:58+00:00,QQQ,bull,TrendFollowingAgent,HOLD,0.3,0.0,"No trend setup (ADX=22.5, bull=True)",False
e82c8b9c,2026-06-15T20:45:58+00:00,QQQ,bull,DividendArbitrageAgent,HOLD,0.2,0.0,No dividend data available,False
e82c8b9c,2026-06-15T20:45:58+00:00,QQQ,bull,PairsTradingAgent,HOLD,0.1,0.0,No pair defined for this symbol,False
e82c8b9c,2026-06-15T20:45:58+00:00,QQQ,bull,VolatilityAgent,HOLD,0.3,0.0,Vol HOLD: VIX=16.2 | z=-0.58 | mom5=-14.4%,False
e82c8b9c,2026-06-15T20:45:58+00:00,QQQ,bull,EarningsSentimentAgent,HOLD,0.1,0.0,EarningsSentiment: API error — TypeError,False
e82c8b9c,2026-06-15T20:45:59+00:00,NVDA,bull,DummyHoldAgent,HOLD,0.0,0.0,Baseline hold,False
e82c8b9c,2026-06-15T20:45:59+00:00,NVDA,bull,BuffettAgent,BUY,0.9,0.1,Buffett screen passed (stable + trend + near-high),True
e82c8b9c,2026-06-15T20:45:59+00:00,NVDA,bull,CitadelAgent,HOLD,0.3,0.0,No Citadel momentum setup,False
e82c8b9c,2026-06-15T20:45:59+00:00,NVDA,bull,MeanReversionAgent,HOLD,0.3,0.0,No mean reversion setup (RSI=48.5),False
e82c8b9c,2026-06-15T20:45:59+00:00,NVDA,bull,MacroAgent,BUY,0.6,0.08,Macro RISK ON: SPY=12.84% GLD=-13.66% TLT=-0.83%,False
e82c8b9c,2026-06-15T20:45:59+00:00,NVDA,bull,TrendFollowingAgent,HOLD,0.3,0.0,"No trend setup (ADX=15.4, bull=False)",False
e82c8b9c,2026-06-15T20:45:59+00:00,NVDA,bull,DividendArbitrageAgent,HOLD,0.2,0.0,DivArb: yield=0.118% trop faible,False
e82c8b9c,2026-06-15T20:45:59+00:00,NVDA,bull,PairsTradingAgent,HOLD,0.1,0.0,No pair defined for this symbol,False
e82c8b9c,2026-06-15T20:45:59+00:00,NVDA,bull,VolatilityAgent,HOLD,0.3,0.0,Vol HOLD: VIX=16.2 | z=-0.58 | mom5=-14.4%,False
e82c8b9c,2026-06-15T20:45:59+00:00,NVDA,bull,EarningsSentimentAgent,HOLD,0.1,0.0,EarningsSentiment: API error — TypeError,False
e82c8b9c,2026-06-15T20:46:01+00:00,MSFT,bull,DummyHoldAgent,HOLD,0.0,0.0,Baseline hold,False
e82c8b9c,2026-06-15T20:46:01+00:00,MSFT,bull,BuffettAgent,HOLD,0.55,0.0,Buffett screen not strong enough,False
e82c8b9c,2026-06-15T20:46:01+00:00,MSFT,bull,CitadelAgent,HOLD,0.1,0.0,No Citadel momentum setup,False
e82c8b9c,2026-06-15T20:46:01+00:00,MSFT,bull,MeanReversionAgent,HOLD,0.3,0.0,No mean reversion setup (RSI=43.8),False
e82c8b9c,2026-06-15T20:46:01+00:00,MSFT,bull,MacroAgent,BUY,0.6,0.08,Macro RISK ON: SPY=12.84% GLD=-13.66% TLT=-0.83%,True
e82c8b9c,2026-06-15T20:46:01+00:00,MSFT,bull,TrendFollowingAgent,HOLD,0.3,0.0,"No trend setup (ADX=25.1, bull=False)",False
e82c8b9c,2026-06-15T20:46:01+00:00,MSFT,bull,DividendArbitrageAgent,HOLD,0.2,0.0,DivArb: ex-date dans 66j (hors fenêtre),False
e82c8b9c,2026-06-15T20:46:01+00:00,MSFT,bull,PairsTradingAgent,HOLD,0.1,0.0,No pair defined for this symbol,False
e82c8b9c,2026-06-15T20:46:01+00:00,MSFT,bull,VolatilityAgent,HOLD,0.3,0.0,Vol HOLD: VIX=16.2 | z=-0.58 | mom5=-14.4%,False
e82c8b9c,2026-06-15T20:46:01+00:00,MSFT,bull,EarningsSentimentAgent,HOLD,0.1,0.0,EarningsSentiment: API error — TypeError,False
e82c8b9c,2026-06-15T20:46:03+00:00,GOOGL,bull,DummyHoldAgent,HOLD,0.0,0.0,Baseline hold,False
e82c8b9c,2026-06-15T20:46:03+00:00,GOOGL,bull,BuffettAgent,BUY,0.9,0.1,Buffett screen passed (stable + trend + near-high),True
e82c8b9c,2026-06-15T20:46:03+00:00,GOOGL,bull,CitadelAgent,HOLD,0.3,0.0,No Citadel momentum setup,False
e82c8b9c,2026-06-15T20:46:03+00:00,GOOGL,bull,MeanReversionAgent,HOLD,0.3,0.0,No mean reversion setup (RSI=37.3),False
e82c8b9c,2026-06-15T20:46:03+00:00,GOOGL,bull,MacroAgent,BUY,0.6,0.08,Macro RISK ON: SPY=12.84% GLD=-13.66% TLT=-0.83%,False
e82c8b9c,2026-06-15T20:46:03+00:00,GOOGL,bull,TrendFollowingAgent,HOLD,0.3,0.0,"No trend setup (ADX=27.2, bull=False)",False
e82c8b9c,2026-06-15T20:46:03+00:00,GOOGL,bull,DividendArbitrageAgent,HOLD,0.2,0.0,DivArb: yield=0.060% trop faible,False
e82c8b9c,2026-06-15T20:46:03+00:00,GOOGL,bull,PairsTradingAgent,HOLD,0.1,0.0,No pair defined for this symbol,False
e82c8b9c,2026-06-15T20:46:03+00:00,GOOGL,bull,VolatilityAgent,HOLD,0.3,0.0,Vol HOLD: VIX=16.2 | z=-0.58 | mom5=-14.4%,False
e82c8b9c,2026-06-15T20:46:03+00:00,GOOGL,bull,EarningsSentimentAgent,HOLD,0.1,0.0,EarningsSentiment: API error — TypeError,False
e82c8b9c,2026-06-15T20:46:04+00:00,META,bull,DummyHoldAgent,HOLD,0.0,0.0,Baseline hold,False
e82c8b9c,2026-06-15T20:46:04+00:00,META,bull,BuffettAgent,HOLD,0.55,0.0,Buffett screen not strong enough,False
e82c8b9c,2026-06-15T20:46:04+00:00,META,bull,CitadelAgent,HOLD,0.1,0.0,No Citadel momentum setup,False
e82c8b9c,2026-06-15T20:46:04+00:00,META,bull,MeanReversionAgent,HOLD,0.3,0.0,No mean reversion setup (RSI=44.7),False
e82c8b9c,2026-06-15T20:46:04+00:00,META,bull,MacroAgent,BUY,0.6,0.08,Macro RISK ON: SPY=12.84% GLD=-13.66% TLT=-0.83%,True
e82c8b9c,2026-06-15T20:46:04+00:00,META,bull,TrendFollowingAgent,HOLD,0.3,0.0,"No trend setup (ADX=8.9, bull=False)",False
e82c8b9c,2026-06-15T20:46:04+00:00,META,bull,DividendArbitrageAgent,HOLD,0.2,0.0,DivArb: yield=0.089% trop faible,False
e82c8b9c,2026-06-15T20:46:04+00:00,META,bull,PairsTradingAgent,HOLD,0.1,0.0,No pair defined for this symbol,False
e82c8b9c,2026-06-15T20:46:04+00:00,META,bull,VolatilityAgent,HOLD,0.3,0.0,Vol HOLD: VIX=16.2 | z=-0.58 | mom5=-14.4%,False
e82c8b9c,2026-06-15T20:46:04+00:00,META,bull,EarningsSentimentAgent,HOLD,0.1,0.0,EarningsSentiment: API error — TypeError,False
e82c8b9c,2026-06-15T20:46:06+00:00,JPM,bull,DummyHoldAgent,HOLD,0.0,0.0,Baseline hold,False
e82c8b9c,2026-06-15T20:46:06+00:00,JPM,bull,BuffettAgent,BUY,0.9,0.1,Buffett screen passed (stable + trend + near-high),True
e82c8b9c,2026-06-15T20:46:06+00:00,JPM,bull,CitadelAgent,HOLD,0.3,0.0,No Citadel momentum setup,False
e82c8b9c,2026-06-15T20:46:06+00:00,JPM,bull,MeanReversionAgent,HOLD,0.3,0.0,No mean reversion setup (RSI=62.5),False
e82c8b9c,2026-06-15T20:46:06+00:00,JPM,bull,MacroAgent,BUY,0.6,0.08,Macro RISK ON: SPY=12.84% GLD=-13.66% TLT=-0.83%,False
e82c8b9c,2026-06-15T20:46:06+00:00,JPM,bull,TrendFollowingAgent,HOLD,0.3,0.0,"No trend setup (ADX=29.3, bull=False)",False
e82c8b9c,2026-06-15T20:46:06+00:00,JPM,bull,DividendArbitrageAgent,HOLD,0.2,0.0,DivArb: ex-date dans 21j (hors fenêtre),False
e82c8b9c,2026-06-15T20:46:06+00:00,JPM,bull,PairsTradingAgent,HOLD,0.3,0.0,PairsTrading HOLD: z-score=-1.41 (seuil=2.0),False
e82c8b9c,2026-06-15T20:46:06+00:00,JPM,bull,VolatilityAgent,HOLD,0.3,0.0,Vol HOLD: VIX=16.2 | z=-0.58 | mom5=-14.4%,False
e82c8b9c,2026-06-15T20:46:06+00:00,JPM,bull,EarningsSentimentAgent,HOLD,0.1,0.0,EarningsSentiment: API error — TypeError,False
e82c8b9c,2026-06-15T20:46:07+00:00,GS,bull,DummyHoldAgent,HOLD,0.0,0.0,Baseline hold,False
e82c8b9c,2026-06-15T20:46:07+00:00,GS,bull,BuffettAgent,BUY,0.9,0.1,Buffett screen passed (stable + trend + near-high),True
e82c8b9c,2026-06-15T20:46:07+00:00,GS,bull,CitadelAgent,HOLD,0.3,0.0,No Citadel momentum setup,False
e82c8b9c,2026-06-15T20:46:07+00:00,GS,bull,MeanReversionAgent,HOLD,0.3,0.0,No mean reversion setup (RSI=63.1),False
e82c8b9c,2026-06-15T20:46:07+00:00,GS,bull,MacroAgent,BUY,0.6,0.08,Macro RISK ON: SPY=12.84% GLD=-13.66% TLT=-0.83%,False
e82c8b9c,2026-06-15T20:46:07+00:00,GS,bull,TrendFollowingAgent,BUY,0.9,0.1,TrendFollow BUY: MAs alignées + ADX=38.6 + mom20=13.96%,False
e82c8b9c,2026-06-15T20:46:07+00:00,GS,bull,DividendArbitrageAgent,HOLD,0.2,0.0,DivArb: pas de setup,False
e82c8b9c,2026-06-15T20:46:07+00:00,GS,bull,PairsTradingAgent,HOLD,0.1,0.0,No pair defined for this symbol,False
e82c8b9c,2026-06-15T20:46:07+00:00,GS,bull,VolatilityAgent,HOLD,0.3,0.0,Vol HOLD: VIX=16.2 | z=-0.58 | mom5=-14.4%,False
e82c8b9c,2026-06-15T20:46:07+00:00,GS,bull,EarningsSentimentAgent,HOLD,0.1,0.0,EarningsSentiment: API error — TypeError,False
e82c8b9c,2026-06-15T20:46:09+00:00,GLD,bull,DummyHoldAgent,HOLD,0.0,0.0,Baseline hold,False
e82c8b9c,2026-06-15T20:46:09+00:00,GLD,bull,BuffettAgent,HOLD,0.55,0.0,Buffett screen not strong enough,False
e82c8b9c,2026-06-15T20:46:09+00:00,GLD,bull,CitadelAgent,HOLD,0.1,0.0,No Citadel momentum setup,False
e82c8b9c,2026-06-15T20:46:09+00:00,GLD,bull,MeanReversionAgent,HOLD,0.3,0.0,No mean reversion setup (RSI=40.2),False
e82c8b9c,2026-06-15T20:46:09+00:00,GLD,bull,MacroAgent,BUY,0.6,0.08,Macro RISK ON: SPY=12.84% GLD=-13.66% TLT=-0.83%,True
e82c8b9c,2026-06-15T20:46:09+00:00,GLD,bull,TrendFollowingAgent,HOLD,0.3,0.0,"No trend setup (ADX=33.2, bull=False)",False
e82c8b9c,2026-06-15T20:46:09+00:00,GLD,bull,DividendArbitrageAgent,HOLD,0.2,0.0,No dividend data available,False
e82c8b9c,2026-06-15T20:46:09+00:00,GLD,bull,PairsTradingAgent,HOLD,0.3,0.0,PairsTrading HOLD: z-score=-1.72 (seuil=2.0),False
e82c8b9c,2026-06-15T20:46:09+00:00,GLD,bull,VolatilityAgent,HOLD,0.3,0.0,Vol HOLD: VIX=16.2 | z=-0.58 | mom5=-14.4%,False
e82c8b9c,2026-06-15T20:46:09+00:00,GLD,bull,EarningsSentimentAgent,HOLD,0.1,0.0,EarningsSentiment: API error — TypeError,False
e82c8b9c,2026-06-15T20:46:11+00:00,TSLA,bull,DummyHoldAgent,HOLD,0.0,0.0,Baseline hold,False
e82c8b9c,2026-06-15T20:46:11+00:00,TSLA,bull,BuffettAgent,HOLD,0.35,0.0,Buffett screen not strong enough,False
e82c8b9c,2026-06-15T20:46:11+00:00,TSLA,bull,CitadelAgent,HOLD,0.1,0.0,No Citadel momentum setup,False
e82c8b9c,2026-06-15T20:46:11+00:00,TSLA,bull,MeanReversionAgent,HOLD,0.3,0.0,No mean reversion setup (RSI=42.5),False
e82c8b9c,2026-06-15T20:46:11+00:00,TSLA,bull,MacroAgent,BUY,0.6,0.08,Macro RISK ON: SPY=12.84% GLD=-13.66% TLT=-0.83%,True
e82c8b9c,2026-06-15T20:46:11+00:00,TSLA,bull,TrendFollowingAgent,HOLD,0.3,0.0,"No trend setup (ADX=19.9, bull=False)",False
e82c8b9c,2026-06-15T20:46:11+00:00,TSLA,bull,DividendArbitrageAgent,HOLD,0.2,0.0,No dividend data available,False
e82c8b9c,2026-06-15T20:46:11+00:00,TSLA,bull,PairsTradingAgent,HOLD,0.1,0.0,No pair defined for this symbol,False
e82c8b9c,2026-06-15T20:46:11+00:00,TSLA,bull,VolatilityAgent,HOLD,0.3,0.0,Vol HOLD: VIX=16.2 | z=-0.58 | mom5=-14.4%,False
e82c8b9c,2026-06-15T20:46:11+00:00,TSLA,bull,EarningsSentimentAgent,HOLD,0.1,0.0,EarningsSentiment: API error — TypeError,False
e82c8b9c,2026-06-15T20:46:13+00:00,AMD,bull,DummyHoldAgent,HOLD,0.0,0.0,Baseline hold,False
e82c8b9c,2026-06-15T20:46:13+00:00,AMD,bull,BuffettAgent,BUY,0.7,0.1,Buffett screen passed (stable + trend + near-high),False
e82c8b9c,2026-06-15T20:46:13+00:00,AMD,bull,CitadelAgent,BUY,0.9,0.12,Citadel v2: trend + momentum + volume,True
e82c8b9c,2026-06-15T20:46:13+00:00,AMD,bull,MeanReversionAgent,HOLD,0.3,0.0,No mean reversion setup (RSI=57.1),False
e82c8b9c,2026-06-15T20:46:13+00:00,AMD,bull,MacroAgent,BUY,0.6,0.08,Macro RISK ON: SPY=12.84% GLD=-13.66% TLT=-0.83%,False
e82c8b9c,2026-06-15T20:46:13+00:00,AMD,bull,TrendFollowingAgent,HOLD,0.3,0.0,"No trend setup (ADX=16.9, bull=True)",False
e82c8b9c,2026-06-15T20:46:13+00:00,AMD,bull,DividendArbitrageAgent,HOLD,0.2,0.0,DivArb: yield=0.000% trop faible,False
e82c8b9c,2026-06-15T20:46:13+00:00,AMD,bull,PairsTradingAgent,HOLD,0.1,0.0,No pair defined for this symbol,False
e82c8b9c,2026-06-15T20:46:13+00:00,AMD,bull,VolatilityAgent,HOLD,0.3,0.0,Vol HOLD: VIX=16.2 | z=-0.58 | mom5=-14.4%,False
e82c8b9c,2026-06-15T20:46:13+00:00,AMD,bull,EarningsSentimentAgent,HOLD,0.1,0.0,EarningsSentiment: API error — TypeError,False
e82c8b9c,2026-06-15T20:46:14+00:00,AMZN,bull,DummyHoldAgent,HOLD,0.0,0.0,Baseline hold,False
e82c8b9c,2026-06-15T20:46:14+00:00,AMZN,bull,BuffettAgent,BUY,0.9,0.1,Buffett screen passed (stable + trend + near-high),True
e82c8b9c,2026-06-15T20:46:14+00:00,AMZN,bull,CitadelAgent,HOLD,0.3,0.0,No Citadel momentum setup,False
e82c8b9c,2026-06-15T20:46:14+00:00,AMZN,bull,MeanReversionAgent,HOLD,0.3,0.0,No mean reversion setup (RSI=35.4),False
e82c8b9c,2026-06-15T20:46:14+00:00,AMZN,bull,MacroAgent,BUY,0.6,0.08,Macro RISK ON: SPY=12.84% GLD=-13.66% TLT=-0.83%,False
e82c8b9c,2026-06-15T20:46:14+00:00,AMZN,bull,TrendFollowingAgent,HOLD,0.3,0.0,"No trend setup (ADX=38.5, bull=False)",False
e82c8b9c,2026-06-15T20:46:14+00:00,AMZN,bull,DividendArbitrageAgent,HOLD,0.2,0.0,No dividend data available,False
e82c8b9c,2026-06-15T20:46:14+00:00,AMZN,bull,PairsTradingAgent,HOLD,0.1,0.0,No pair defined for this symbol,False
e82c8b9c,2026-06-15T20:46:14+00:00,AMZN,bull,VolatilityAgent,HOLD,0.3,0.0,Vol HOLD: VIX=16.2 | z=-0.58 | mom5=-14.4%,False
e82c8b9c,2026-06-15T20:46:14+00:00,AMZN,bull,EarningsSentimentAgent,HOLD,0.1,0.0,EarningsSentiment: API error — TypeError,False
e82c8b9c,2026-06-15T20:46:16+00:00,LLY,bull,DummyHoldAgent,HOLD,0.0,0.0,Baseline hold,False
e82c8b9c,2026-06-15T20:46:16+00:00,LLY,bull,BuffettAgent,BUY,0.9,0.1,Buffett screen passed (stable + trend + near-high),False
e82c8b9c,2026-06-15T20:46:16+00:00,LLY,bull,CitadelAgent,BUY,0.8,0.12,Citadel v2: trend + momentum + volume,True
e82c8b9c,2026-06-15T20:46:16+00:00,LLY,bull,MeanReversionAgent,HOLD,0.3,0.0,No mean reversion setup (RSI=61.6),False
e82c8b9c,2026-06-15T20:46:16+00:00,LLY,bull,MacroAgent,BUY,0.6,0.08,Macro RISK ON: SPY=12.84% GLD=-13.66% TLT=-0.83%,False
e82c8b9c,2026-06-15T20:46:16+00:00,LLY,bull,TrendFollowingAgent,BUY,0.9,0.1,TrendFollow BUY: MAs alignées + ADX=57.4 + mom20=12.38%,False
e82c8b9c,2026-06-15T20:46:16+00:00,LLY,bull,DividendArbitrageAgent,HOLD,0.2,0.0,DivArb: yield=0.153% trop faible,False
e82c8b9c,2026-06-15T20:46:16+00:00,LLY,bull,PairsTradingAgent,HOLD,0.1,0.0,No pair defined for this symbol,False
e82c8b9c,2026-06-15T20:46:16+00:00,LLY,bull,VolatilityAgent,HOLD,0.3,0.0,Vol HOLD: VIX=16.2 | z=-0.58 | mom5=-14.4%,False
e82c8b9c,2026-06-15T20:46:16+00:00,LLY,bull,EarningsSentimentAgent,HOLD,0.1,0.0,EarningsSentiment: API error — TypeError,False
0064ffb6,2026-06-15T20:47:00+00:00,AAPL,bull,DummyHoldAgent,HOLD,0.0,0.0,Baseline hold,False
0064ffb6,2026-06-15T20:47:00+00:00,AAPL,bull,BuffettAgent,BUY,0.9,0.1,Buffett screen passed (stable + trend + near-high),True
0064ffb6,2026-06-15T20:47:00+00:00,AAPL,bull,CitadelAgent,HOLD,0.3,0.0,No Citadel momentum setup,False
0064ffb6,2026-06-15T20:47:00+00:00,AAPL,bull,MeanReversionAgent,HOLD,0.3,0.0,No mean reversion setup (RSI=40.2),False
0064ffb6,2026-06-15T20:47:00+00:00,AAPL,bull,MacroAgent,BUY,0.6,0.08,Macro RISK ON: SPY=12.84% GLD=-13.66% TLT=-0.83%,False
0064ffb6,2026-06-15T20:47:00+00:00,AAPL,bull,TrendFollowingAgent,HOLD,0.3,0.0,"No trend setup (ADX=46.6, bull=False)",False
0064ffb6,2026-06-15T20:47:00+00:00,AAPL,bull,DividendArbitrageAgent,HOLD,0.2,0.0,DivArb: yield=0.091% trop faible,False
0064ffb6,2026-06-15T20:47:00+00:00,AAPL,bull,PairsTradingAgent,HOLD,0.3,0.0,PairsTrading HOLD: z-score=1.32 (seuil=2.0),False
0064ffb6,2026-06-15T20:47:00+00:00,AAPL,bull,VolatilityAgent,HOLD,0.3,0.0,Vol HOLD: VIX=16.2 | z=-0.58 | mom5=-14.4%,False
0064ffb6,2026-06-15T20:47:00+00:00,AAPL,bull,EarningsSentimentAgent,HOLD,0.1,0.0,EarningsSentiment: API error — TypeError,False
0064ffb6,2026-06-15T20:47:02+00:00,SPY,bull,DummyHoldAgent,HOLD,0.0,0.0,Baseline hold,False
0064ffb6,2026-06-15T20:47:02+00:00,SPY,bull,BuffettAgent,BUY,0.9,0.1,Buffett screen passed (stable + trend + near-high),True
0064ffb6,2026-06-15T20:47:02+00:00,SPY,bull,CitadelAgent,HOLD,0.3,0.0,No Citadel momentum setup,False
0064ffb6,2026-06-15T20:47:02+00:00,SPY,bull,MeanReversionAgent,HOLD,0.3,0.0,No mean reversion setup (RSI=52.6),False
0064ffb6,2026-06-15T20:47:02+00:00,SPY,bull,MacroAgent,BUY,0.6,0.08,Macro RISK ON: SPY=12.84% GLD=-13.66% TLT=-0.83%,False
0064ffb6,2026-06-15T20:47:02+00:00,SPY,bull,TrendFollowingAgent,BUY,0.75,0.1,TrendFollow BUY: MAs alignées + ADX=25.6 + mom20=2.12%,False
0064ffb6,2026-06-15T20:47:02+00:00,SPY,bull,DividendArbitrageAgent,HOLD,0.2,0.0,No dividend data available,False
0064ffb6,2026-06-15T20:47:02+00:00,SPY,bull,PairsTradingAgent,HOLD,0.3,0.0,PairsTrading HOLD: z-score=-1.51 (seuil=2.0),False
0064ffb6,2026-06-15T20:47:02+00:00,SPY,bull,VolatilityAgent,HOLD,0.3,0.0,Vol HOLD: VIX=16.2 | z=-0.58 | mom5=-14.4%,False
0064ffb6,2026-06-15T20:47:02+00:00,SPY,bull,EarningsSentimentAgent,HOLD,0.1,0.0,EarningsSentiment: API error — TypeError,False
0064ffb6,2026-06-15T20:47:04+00:00,QQQ,bull,DummyHoldAgent,HOLD,0.0,0.0,Baseline hold,False
0064ffb6,2026-06-15T20:47:04+00:00,QQQ,bull,BuffettAgent,BUY,0.9,0.1,Buffett screen passed (stable + trend + near-high),False
0064ffb6,2026-06-15T20:47:04+00:00,QQQ,bull,CitadelAgent,BUY,0.8,0.12,Citadel v2: trend + momentum + volume,True
0064ffb6,2026-06-15T20:47:04+00:00,QQQ,bull,MeanReversionAgent,HOLD,0.3,0.0,No mean reversion setup (RSI=54.8),False
0064ffb6,2026-06-15T20:47:04+00:00,QQQ,bull,MacroAgent,BUY,0.6,0.08,Macro RISK ON: SPY=12.84% GLD=-13.66% TLT=-0.83%,False
0064ffb6,2026-06-15T20:47:04+00:00,QQQ,bull,TrendFollowingAgent,HOLD,0.3,0.0,"No trend setup (ADX=22.5, bull=True)",False
0064ffb6,2026-06-15T20:47:04+00:00,QQQ,bull,DividendArbitrageAgent,HOLD,0.2,0.0,No dividend data available,False
0064ffb6,2026-06-15T20:47:04+00:00,QQQ,bull,PairsTradingAgent,HOLD,0.1,0.0,No pair defined for this symbol,False
0064ffb6,2026-06-15T20:47:04+00:00,QQQ,bull,VolatilityAgent,HOLD,0.3,0.0,Vol HOLD: VIX=16.2 | z=-0.58 | mom5=-14.4%,False
0064ffb6,2026-06-15T20:47:04+00:00,QQQ,bull,EarningsSentimentAgent,HOLD,0.1,0.0,EarningsSentiment: API error — TypeError,False
0064ffb6,2026-06-15T20:47:05+00:00,NVDA,bull,DummyHoldAgent,HOLD,0.0,0.0,Baseline hold,False
0064ffb6,2026-06-15T20:47:05+00:00,NVDA,bull,BuffettAgent,BUY,0.9,0.1,Buffett screen passed (stable + trend + near-high),True
0064ffb6,2026-06-15T20:47:05+00:00,NVDA,bull,CitadelAgent,HOLD,0.3,0.0,No Citadel momentum setup,False
0064ffb6,2026-06-15T20:47:05+00:00,NVDA,bull,MeanReversionAgent,HOLD,0.3,0.0,No mean reversion setup (RSI=48.5),False
0064ffb6,2026-06-15T20:47:05+00:00,NVDA,bull,MacroAgent,BUY,0.6,0.08,Macro RISK ON: SPY=12.84% GLD=-13.66% TLT=-0.83%,False
0064ffb6,2026-06-15T20:47:05+00:00,NVDA,bull,TrendFollowingAgent,HOLD,0.3,0.0,"No trend setup (ADX=15.4, bull=False)",False
0064ffb6,2026-06-15T20:47:05+00:00,NVDA,bull,DividendArbitrageAgent,HOLD,0.2,0.0,DivArb: yield=0.118% trop faible,False
0064ffb6,2026-06-15T20:47:05+00:00,NVDA,bull,PairsTradingAgent,HOLD,0.1,0.0,No pair defined for this symbol,False
0064ffb6,2026-06-15T20:47:05+00:00,NVDA,bull,VolatilityAgent,HOLD,0.3,0.0,Vol HOLD: VIX=16.2 | z=-0.58 | mom5=-14.4%,False
0064ffb6,2026-06-15T20:47:05+00:00,NVDA,bull,EarningsSentimentAgent,HOLD,0.1,0.0,EarningsSentiment: API error — TypeError,False
0064ffb6,2026-06-15T20:47:07+00:00,MSFT,bull,DummyHoldAgent,HOLD,0.0,0.0,Baseline hold,False
0064ffb6,2026-06-15T20:47:07+00:00,MSFT,bull,BuffettAgent,HOLD,0.55,0.0,Buffett screen not strong enough,False
0064ffb6,2026-06-15T20:47:07+00:00,MSFT,bull,CitadelAgent,HOLD,0.1,0.0,No Citadel momentum setup,False
0064ffb6,2026-06-15T20:47:07+00:00,MSFT,bull,MeanReversionAgent,HOLD,0.3,0.0,No mean reversion setup (RSI=43.8),False
0064ffb6,2026-06-15T20:47:07+00:00,MSFT,bull,MacroAgent,BUY,0.6,0.08,Macro RISK ON: SPY=12.84% GLD=-13.66% TLT=-0.83%,True
0064ffb6,2026-06-15T20:47:07+00:00,MSFT,bull,TrendFollowingAgent,HOLD,0.3,0.0,"No trend setup (ADX=25.1, bull=False)",False
0064ffb6,2026-06-15T20:47:07+00:00,MSFT,bull,DividendArbitrageAgent,HOLD,0.2,0.0,DivArb: ex-date dans 66j (hors fenêtre),False
0064ffb6,2026-06-15T20:47:07+00:00,MSFT,bull,PairsTradingAgent,HOLD,0.1,0.0,No pair defined for this symbol,False
0064ffb6,2026-06-15T20:47:07+00:00,MSFT,bull,VolatilityAgent,HOLD,0.3,0.0,Vol HOLD: VIX=16.2 | z=-0.58 | mom5=-14.4%,False
0064ffb6,2026-06-15T20:47:07+00:00,MSFT,bull,EarningsSentimentAgent,HOLD,0.1,0.0,EarningsSentiment: API error — TypeError,False
0064ffb6,2026-06-15T20:47:09+00:00,GOOGL,bull,DummyHoldAgent,HOLD,0.0,0.0,Baseline hold,False
0064ffb6,2026-06-15T20:47:09+00:00,GOOGL,bull,BuffettAgent,BUY,0.9,0.1,Buffett screen passed (stable + trend + near-high),True
0064ffb6,2026-06-15T20:47:09+00:00,GOOGL,bull,CitadelAgent,HOLD,0.3,0.0,No Citadel momentum setup,False
0064ffb6,2026-06-15T20:47:09+00:00,GOOGL,bull,MeanReversionAgent,HOLD,0.3,0.0,No mean reversion setup (RSI=37.3),False
0064ffb6,2026-06-15T20:47:09+00:00,GOOGL,bull,MacroAgent,BUY,0.6,0.08,Macro RISK ON: SPY=12.84% GLD=-13.66% TLT=-0.83%,False
0064ffb6,2026-06-15T20:47:09+00:00,GOOGL,bull,TrendFollowingAgent,HOLD,0.3,0.0,"No trend setup (ADX=27.2, bull=False)",False
0064ffb6,2026-06-15T20:47:09+00:00,GOOGL,bull,DividendArbitrageAgent,HOLD,0.2,0.0,DivArb: yield=0.060% trop faible,False
0064ffb6,2026-06-15T20:47:09+00:00,GOOGL,bull,PairsTradingAgent,HOLD,0.1,0.0,No pair defined for this symbol,False
0064ffb6,2026-06-15T20:47:09+00:00,GOOGL,bull,VolatilityAgent,HOLD,0.3,0.0,Vol HOLD: VIX=16.2 | z=-0.58 | mom5=-14.4%,False
0064ffb6,2026-06-15T20:47:09+00:00,GOOGL,bull,EarningsSentimentAgent,HOLD,0.1,0.0,EarningsSentiment: API error — TypeError,False
0064ffb6,2026-06-15T20:47:11+00:00,META,bull,DummyHoldAgent,HOLD,0.0,0.0,Baseline hold,False
0064ffb6,2026-06-15T20:47:11+00:00,META,bull,BuffettAgent,HOLD,0.55,0.0,Buffett screen not strong enough,False
0064ffb6,2026-06-15T20:47:11+00:00,META,bull,CitadelAgent,HOLD,0.1,0.0,No Citadel momentum setup,False
0064ffb6,2026-06-15T20:47:11+00:00,META,bull,MeanReversionAgent,HOLD,0.3,0.0,No mean reversion setup (RSI=44.7),False
0064ffb6,2026-06-15T20:47:11+00:00,META,bull,MacroAgent,BUY,0.6,0.08,Macro RISK ON: SPY=12.84% GLD=-13.66% TLT=-0.83%,True
0064ffb6,2026-06-15T20:47:11+00:00,META,bull,TrendFollowingAgent,HOLD,0.3,0.0,"No trend setup (ADX=8.9, bull=False)",False
0064ffb6,2026-06-15T20:47:11+00:00,META,bull,DividendArbitrageAgent,HOLD,0.2,0.0,DivArb: yield=0.089% trop faible,False
0064ffb6,2026-06-15T20:47:11+00:00,META,bull,PairsTradingAgent,HOLD,0.1,0.0,No pair defined for this symbol,False
0064ffb6,2026-06-15T20:47:11+00:00,META,bull,VolatilityAgent,HOLD,0.3,0.0,Vol HOLD: VIX=16.2 | z=-0.58 | mom5=-14.4%,False
0064ffb6,2026-06-15T20:47:11+00:00,META,bull,EarningsSentimentAgent,HOLD,0.1,0.0,EarningsSentiment: API error — TypeError,False
0064ffb6,2026-06-15T20:47:13+00:00,JPM,bull,DummyHoldAgent,HOLD,0.0,0.0,Baseline hold,False
0064ffb6,2026-06-15T20:47:13+00:00,JPM,bull,BuffettAgent,BUY,0.9,0.1,Buffett screen passed (stable + trend + near-high),True
0064ffb6,2026-06-15T20:47:13+00:00,JPM,bull,CitadelAgent,HOLD,0.3,0.0,No Citadel momentum setup,False
0064ffb6,2026-06-15T20:47:13+00:00,JPM,bull,MeanReversionAgent,HOLD,0.3,0.0,No mean reversion setup (RSI=62.5),False
0064ffb6,2026-06-15T20:47:13+00:00,JPM,bull,MacroAgent,BUY,0.6,0.08,Macro RISK ON: SPY=12.84% GLD=-13.66% TLT=-0.83%,False
0064ffb6,2026-06-15T20:47:13+00:00,JPM,bull,TrendFollowingAgent,HOLD,0.3,0.0,"No trend setup (ADX=29.3, bull=False)",False
0064ffb6,2026-06-15T20:47:13+00:00,JPM,bull,DividendArbitrageAgent,HOLD,0.2,0.0,DivArb: ex-date dans 21j (hors fenêtre),False
0064ffb6,2026-06-15T20:47:13+00:00,JPM,bull,PairsTradingAgent,HOLD,0.3,0.0,PairsTrading HOLD: z-score=-1.41 (seuil=2.0),False
0064ffb6,2026-06-15T20:47:13+00:00,JPM,bull,VolatilityAgent,HOLD,0.3,0.0,Vol HOLD: VIX=16.2 | z=-0.58 | mom5=-14.4%,False
0064ffb6,2026-06-15T20:47:13+00:00,JPM,bull,EarningsSentimentAgent,HOLD,0.1,0.0,EarningsSentiment: API error — TypeError,False
0064ffb6,2026-06-15T20:47:14+00:00,GS,bull,DummyHoldAgent,HOLD,0.0,0.0,Baseline hold,False
0064ffb6,2026-06-15T20:47:14+00:00,GS,bull,BuffettAgent,BUY,0.9,0.1,Buffett screen passed (stable + trend + near-high),True
0064ffb6,2026-06-15T20:47:14+00:00,GS,bull,CitadelAgent,HOLD,0.3,0.0,No Citadel momentum setup,False
0064ffb6,2026-06-15T20:47:14+00:00,GS,bull,MeanReversionAgent,HOLD,0.3,0.0,No mean reversion setup (RSI=63.1),False
0064ffb6,2026-06-15T20:47:14+00:00,GS,bull,MacroAgent,BUY,0.6,0.08,Macro RISK ON: SPY=12.84% GLD=-13.66% TLT=-0.83%,False
0064ffb6,2026-06-15T20:47:14+00:00,GS,bull,TrendFollowingAgent,BUY,0.9,0.1,TrendFollow BUY: MAs alignées + ADX=38.6 + mom20=13.96%,False
0064ffb6,2026-06-15T20:47:14+00:00,GS,bull,DividendArbitrageAgent,HOLD,0.2,0.0,DivArb: pas de setup,False
0064ffb6,2026-06-15T20:47:14+00:00,GS,bull,PairsTradingAgent,HOLD,0.1,0.0,No pair defined for this symbol,False
0064ffb6,2026-06-15T20:47:14+00:00,GS,bull,VolatilityAgent,HOLD,0.3,0.0,Vol HOLD: VIX=16.2 | z=-0.58 | mom5=-14.4%,False
0064ffb6,2026-06-15T20:47:14+00:00,GS,bull,EarningsSentimentAgent,HOLD,0.1,0.0,EarningsSentiment: API error — TypeError,False
0064ffb6,2026-06-15T20:47:16+00:00,GLD,bull,DummyHoldAgent,HOLD,0.0,0.0,Baseline hold,False
0064ffb6,2026-06-15T20:47:16+00:00,GLD,bull,BuffettAgent,HOLD,0.55,0.0,Buffett screen not strong enough,False
0064ffb6,2026-06-15T20:47:16+00:00,GLD,bull,CitadelAgent,HOLD,0.1,0.0,No Citadel momentum setup,False
0064ffb6,2026-06-15T20:47:16+00:00,GLD,bull,MeanReversionAgent,HOLD,0.3,0.0,No mean reversion setup (RSI=40.2),False
0064ffb6,2026-06-15T20:47:16+00:00,GLD,bull,MacroAgent,BUY,0.6,0.08,Macro RISK ON: SPY=12.84% GLD=-13.66% TLT=-0.83%,True
0064ffb6,2026-06-15T20:47:16+00:00,GLD,bull,TrendFollowingAgent,HOLD,0.3,0.0,"No trend setup (ADX=33.2, bull=False)",False
0064ffb6,2026-06-15T20:47:16+00:00,GLD,bull,DividendArbitrageAgent,HOLD,0.2,0.0,No dividend data available,False
0064ffb6,2026-06-15T20:47:16+00:00,GLD,bull,PairsTradingAgent,HOLD,0.3,0.0,PairsTrading HOLD: z-score=-1.72 (seuil=2.0),False
0064ffb6,2026-06-15T20:47:16+00:00,GLD,bull,VolatilityAgent,HOLD,0.3,0.0,Vol HOLD: VIX=16.2 | z=-0.58 | mom5=-14.4%,False
0064ffb6,2026-06-15T20:47:16+00:00,GLD,bull,EarningsSentimentAgent,HOLD,0.1,0.0,EarningsSentiment: API error — TypeError,False
0064ffb6,2026-06-15T20:47:18+00:00,TSLA,bull,DummyHoldAgent,HOLD,0.0,0.0,Baseline hold,False
0064ffb6,2026-06-15T20:47:18+00:00,TSLA,bull,BuffettAgent,HOLD,0.35,0.0,Buffett screen not strong enough,False
0064ffb6,2026-06-15T20:47:18+00:00,TSLA,bull,CitadelAgent,HOLD,0.1,0.0,No Citadel momentum setup,False
0064ffb6,2026-06-15T20:47:18+00:00,TSLA,bull,MeanReversionAgent,HOLD,0.3,0.0,No mean reversion setup (RSI=42.5),False
0064ffb6,2026-06-15T20:47:18+00:00,TSLA,bull,MacroAgent,BUY,0.6,0.08,Macro RISK ON: SPY=12.84% GLD=-13.66% TLT=-0.83%,True
0064ffb6,2026-06-15T20:47:18+00:00,TSLA,bull,TrendFollowingAgent,HOLD,0.3,0.0,"No trend setup (ADX=19.9, bull=False)",False
0064ffb6,2026-06-15T20:47:18+00:00,TSLA,bull,DividendArbitrageAgent,HOLD,0.2,0.0,No dividend data available,False
0064ffb6,2026-06-15T20:47:18+00:00,TSLA,bull,PairsTradingAgent,HOLD,0.1,0.0,No pair defined for this symbol,False
0064ffb6,2026-06-15T20:47:18+00:00,TSLA,bull,VolatilityAgent,HOLD,0.3,0.0,Vol HOLD: VIX=16.2 | z=-0.58 | mom5=-14.4%,False
0064ffb6,2026-06-15T20:47:18+00:00,TSLA,bull,EarningsSentimentAgent,HOLD,0.1,0.0,EarningsSentiment: API error — TypeError,False
0064ffb6,2026-06-15T20:47:19+00:00,AMD,bull,DummyHoldAgent,HOLD,0.0,0.0,Baseline hold,False
0064ffb6,2026-06-15T20:47:19+00:00,AMD,bull,BuffettAgent,BUY,0.7,0.1,Buffett screen passed (stable + trend + near-high),False
0064ffb6,2026-06-15T20:47:19+00:00,AMD,bull,CitadelAgent,BUY,0.9,0.12,Citadel v2: trend + momentum + volume,True
0064ffb6,2026-06-15T20:47:19+00:00,AMD,bull,MeanReversionAgent,HOLD,0.3,0.0,No mean reversion setup (RSI=57.1),False
0064ffb6,2026-06-15T20:47:19+00:00,AMD,bull,MacroAgent,BUY,0.6,0.08,Macro RISK ON: SPY=12.84% GLD=-13.66% TLT=-0.83%,False
0064ffb6,2026-06-15T20:47:19+00:00,AMD,bull,TrendFollowingAgent,HOLD,0.3,0.0,"No trend setup (ADX=16.9, bull=True)",False
0064ffb6,2026-06-15T20:47:19+00:00,AMD,bull,DividendArbitrageAgent,HOLD,0.2,0.0,DivArb: yield=0.000% trop faible,False
0064ffb6,2026-06-15T20:47:19+00:00,AMD,bull,PairsTradingAgent,HOLD,0.1,0.0,No pair defined for this symbol,False
0064ffb6,2026-06-15T20:47:19+00:00,AMD,bull,VolatilityAgent,HOLD,0.3,0.0,Vol HOLD: VIX=16.2 | z=-0.58 | mom5=-14.4%,False
0064ffb6,2026-06-15T20:47:19+00:00,AMD,bull,EarningsSentimentAgent,HOLD,0.1,0.0,EarningsSentiment: API error — TypeError,False
0064ffb6,2026-06-15T20:47:22+00:00,AMZN,bull,DummyHoldAgent,HOLD,0.0,0.0,Baseline hold,False
0064ffb6,2026-06-15T20:47:22+00:00,AMZN,bull,BuffettAgent,BUY,0.9,0.1,Buffett screen passed (stable + trend + near-high),True
0064ffb6,2026-06-15T20:47:22+00:00,AMZN,bull,CitadelAgent,HOLD,0.3,0.0,No Citadel momentum setup,False
0064ffb6,2026-06-15T20:47:22+00:00,AMZN,bull,MeanReversionAgent,HOLD,0.3,0.0,No mean reversion setup (RSI=35.4),False
0064ffb6,2026-06-15T20:47:22+00:00,AMZN,bull,MacroAgent,BUY,0.6,0.08,Macro RISK ON: SPY=12.84% GLD=-13.66% TLT=-0.83%,False
0064ffb6,2026-06-15T20:47:22+00:00,AMZN,bull,TrendFollowingAgent,HOLD,0.3,0.0,"No trend setup (ADX=38.5, bull=False)",False
0064ffb6,2026-06-15T20:47:22+00:00,AMZN,bull,DividendArbitrageAgent,HOLD,0.2,0.0,No dividend data available,False
0064ffb6,2026-06-15T20:47:22+00:00,AMZN,bull,PairsTradingAgent,HOLD,0.1,0.0,No pair defined for this symbol,False
0064ffb6,2026-06-15T20:47:22+00:00,AMZN,bull,VolatilityAgent,HOLD,0.3,0.0,Vol HOLD: VIX=16.2 | z=-0.58 | mom5=-14.4%,False
0064ffb6,2026-06-15T20:47:22+00:00,AMZN,bull,EarningsSentimentAgent,HOLD,0.1,0.0,EarningsSentiment: API error — TypeError,False
0064ffb6,2026-06-15T20:47:24+00:00,LLY,bull,DummyHoldAgent,HOLD,0.0,0.0,Baseline hold,False
0064ffb6,2026-06-15T20:47:24+00:00,LLY,bull,BuffettAgent,BUY,0.9,0.1,Buffett screen passed (stable + trend + near-high),False
0064ffb6,2026-06-15T20:47:24+00:00,LLY,bull,CitadelAgent,BUY,0.8,0.12,Citadel v2: trend + momentum + volume,True
0064ffb6,2026-06-15T20:47:24+00:00,LLY,bull,MeanReversionAgent,HOLD,0.3,0.0,No mean reversion setup (RSI=61.6),False
0064ffb6,2026-06-15T20:47:24+00:00,LLY,bull,MacroAgent,BUY,0.6,0.08,Macro RISK ON: SPY=12.84% GLD=-13.66% TLT=-0.83%,False
0064ffb6,2026-06-15T20:47:24+00:00,LLY,bull,TrendFollowingAgent,BUY,0.9,0.1,TrendFollow BUY: MAs alignées + ADX=57.4 + mom20=12.38%,False
0064ffb6,2026-06-15T20:47:24+00:00,LLY,bull,DividendArbitrageAgent,HOLD,0.2,0.0,DivArb: yield=0.153% trop faible,False
0064ffb6,2026-06-15T20:47:24+00:00,LLY,bull,PairsTradingAgent,HOLD,0.1,0.0,No pair defined for this symbol,False
0064ffb6,2026-06-15T20:47:24+00:00,LLY,bull,VolatilityAgent,HOLD,0.3,0.0,Vol HOLD: VIX=16.2 | z=-0.58 | mom5=-14.4%,False
0064ffb6,2026-06-15T20:47:24+00:00,LLY,bull,EarningsSentimentAgent,HOLD,0.1,0.0,EarningsSentiment: API error — TypeError,False
23b04cdf,2026-06-18T19:25:14+00:00,AAPL,bull,DummyHoldAgent,HOLD,0.0,0.0,Baseline hold,False
23b04cdf,2026-06-18T19:25:14+00:00,AAPL,bull,BuffettAgent,BUY,0.9,0.1,Buffett screen passed (stable + trend + near-high),True
23b04cdf,2026-06-18T19:25:14+00:00,AAPL,bull,CitadelAgent,HOLD,0.3,0.0,No Citadel momentum setup,False
23b04cdf,2026-06-18T19:25:14+00:00,AAPL,bull,MeanReversionAgent,HOLD,0.3,0.0,No mean reversion setup (RSI=38.3),False
23b04cdf,2026-06-18T19:25:14+00:00,AAPL,bull,MacroAgent,BUY,0.6,0.08,Macro RISK ON: SPY=15.01% GLD=-6.64% TLT=2.16%,False
23b04cdf,2026-06-18T19:25:14+00:00,AAPL,bull,TrendFollowingAgent,HOLD,0.3,0.0,"No trend setup (ADX=31.8, bull=False)",False
23b04cdf,2026-06-18T19:25:14+00:00,AAPL,bull,DividendArbitrageAgent,HOLD,0.2,0.0,DivArb: yield=0.091% trop faible,False
23b04cdf,2026-06-18T19:25:14+00:00,AAPL,bull,PairsTradingAgent,HOLD,0.3,0.0,PairsTrading HOLD: z-score=2.12 (seuil=2.0),False
23b04cdf,2026-06-18T19:25:14+00:00,AAPL,bull,VolatilityAgent,HOLD,0.3,0.0,Vol HOLD: VIX=16.87 | z=-0.37 | mom5=-13.2%,False
23b04cdf,2026-06-18T19:25:14+00:00,AAPL,bull,EarningsSentimentAgent,HOLD,0.1,0.0,EarningsSentiment: API error — TypeError,False
23b04cdf,2026-06-18T19:25:16+00:00,SPY,bull,DummyHoldAgent,HOLD,0.0,0.0,Baseline hold,False
23b04cdf,2026-06-18T19:25:16+00:00,SPY,bull,BuffettAgent,BUY,0.9,0.1,Buffett screen passed (stable + trend + near-high),False
23b04cdf,2026-06-18T19:25:16+00:00,SPY,bull,CitadelAgent,BUY,0.8500000000000001,0.12,Citadel v2: trend + momentum + volume,True
23b04cdf,2026-06-18T19:25:16+00:00,SPY,bull,MeanReversionAgent,HOLD,0.3,0.0,No mean reversion setup (RSI=44.4),False
23b04cdf,2026-06-18T19:25:16+00:00,SPY,bull,MacroAgent,BUY,0.6,0.08,Macro RISK ON: SPY=15.01% GLD=-6.63% TLT=2.16%,False
23b04cdf,2026-06-18T19:25:16+00:00,SPY,bull,TrendFollowingAgent,HOLD,0.3,0.0,"No trend setup (ADX=24.9, bull=False)",False
23b04cdf,2026-06-18T19:25:16+00:00,SPY,bull,DividendArbitrageAgent,HOLD,0.2,0.0,No dividend data available,False
23b04cdf,2026-06-18T19:25:16+00:00,SPY,bull,PairsTradingAgent,HOLD,0.3,0.0,PairsTrading HOLD: z-score=-1.54 (seuil=2.0),False
23b04cdf,2026-06-18T19:25:16+00:00,SPY,bull,VolatilityAgent,HOLD,0.3,0.0,Vol HOLD: VIX=16.87 | z=-0.37 | mom5=-13.2%,False
23b04cdf,2026-06-18T19:25:16+00:00,SPY,bull,EarningsSentimentAgent,HOLD,0.1,0.0,EarningsSentiment: API error — TypeError,False
23b04cdf,2026-06-18T19:25:17+00:00,QQQ,bull,DummyHoldAgent,HOLD,0.0,0.0,Baseline hold,False
23b04cdf,2026-06-18T19:25:17+00:00,QQQ,bull,BuffettAgent,BUY,0.9,0.1,Buffett screen passed (stable + trend + near-high),True
23b04cdf,2026-06-18T19:25:17+00:00,QQQ,bull,CitadelAgent,HOLD,0.3,0.0,No Citadel momentum setup,False
23b04cdf,2026-06-18T19:25:17+00:00,QQQ,bull,MeanReversionAgent,HOLD,0.3,0.0,No mean reversion setup (RSI=50.3),False
23b04cdf,2026-06-18T19:25:17+00:00,QQQ,bull,MacroAgent,BUY,0.6,0.08,Macro RISK ON: SPY=15.01% GLD=-6.62% TLT=2.16%,False
23b04cdf,2026-06-18T19:25:17+00:00,QQQ,bull,TrendFollowingAgent,HOLD,0.3,0.0,"No trend setup (ADX=21.4, bull=True)",False
23b04cdf,2026-06-18T19:25:17+00:00,QQQ,bull,DividendArbitrageAgent,HOLD,0.2,0.0,No dividend data available,False
23b04cdf,2026-06-18T19:25:17+00:00,QQQ,bull,PairsTradingAgent,HOLD,0.1,0.0,No pair defined for this symbol,False
23b04cdf,2026-06-18T19:25:17+00:00,QQQ,bull,VolatilityAgent,HOLD,0.3,0.0,Vol HOLD: VIX=16.87 | z=-0.37 | mom5=-13.2%,False
23b04cdf,2026-06-18T19:25:17+00:00,QQQ,bull,EarningsSentimentAgent,HOLD,0.1,0.0,EarningsSentiment: API error — TypeError,False
23b04cdf,2026-06-18T19:25:19+00:00,NVDA,bull,DummyHoldAgent,HOLD,0.0,0.0,Baseline hold,False
23b04cdf,2026-06-18T19:25:19+00:00,NVDA,bull,BuffettAgent,BUY,0.9,0.1,Buffett screen passed (stable + trend + near-high),True
23b04cdf,2026-06-18T19:25:19+00:00,NVDA,bull,CitadelAgent,HOLD,0.3,0.0,No Citadel momentum setup,False
23b04cdf,2026-06-18T19:25:19+00:00,NVDA,bull,MeanReversionAgent,HOLD,0.3,0.0,No mean reversion setup (RSI=49.4),False
23b04cdf,2026-06-18T19:25:19+00:00,NVDA,bull,MacroAgent,BUY,0.6,0.08,Macro RISK ON: SPY=15.01% GLD=-6.62% TLT=2.16%,False
23b04cdf,2026-06-18T19:25:19+00:00,NVDA,bull,TrendFollowingAgent,HOLD,0.3,0.0,"No trend setup (ADX=14.9, bull=False)",False
23b04cdf,2026-06-18T19:25:19+00:00,NVDA,bull,DividendArbitrageAgent,HOLD,0.2,0.0,No dividend data available,False
23b04cdf,2026-06-18T19:25:19+00:00,NVDA,bull,PairsTradingAgent,HOLD,0.1,0.0,No pair defined for this symbol,False
23b04cdf,2026-06-18T19:25:19+00:00,NVDA,bull,VolatilityAgent,HOLD,0.3,0.0,Vol HOLD: VIX=16.87 | z=-0.37 | mom5=-13.2%,False
23b04cdf,2026-06-18T19:25:19+00:00,NVDA,bull,EarningsSentimentAgent,HOLD,0.1,0.0,EarningsSentiment: API error — TypeError,False
23b04cdf,2026-06-18T19:25:21+00:00,MSFT,bull,DummyHoldAgent,HOLD,0.0,0.0,Baseline hold,False
23b04cdf,2026-06-18T19:25:21+00:00,MSFT,bull,BuffettAgent,HOLD,0.55,0.0,Buffett screen not strong enough,False
23b04cdf,2026-06-18T19:25:21+00:00,MSFT,bull,CitadelAgent,HOLD,0.1,0.0,No Citadel momentum setup,False
23b04cdf,2026-06-18T19:25:21+00:00,MSFT,bull,MeanReversionAgent,HOLD,0.3,0.0,No mean reversion setup (RSI=18.0),False
23b04cdf,2026-06-18T19:25:21+00:00,MSFT,bull,MacroAgent,BUY,0.6,0.08,Macro RISK ON: SPY=15.01% GLD=-6.62% TLT=2.16%,True
23b04cdf,2026-06-18T19:25:21+00:00,MSFT,bull,TrendFollowingAgent,HOLD,0.3,0.0,"No trend setup (ADX=26.1, bull=False)",False
23b04cdf,2026-06-18T19:25:21+00:00,MSFT,bull,DividendArbitrageAgent,HOLD,0.2,0.0,DivArb: ex-date dans 63j (hors fenêtre),False
23b04cdf,2026-06-18T19:25:21+00:00,MSFT,bull,PairsTradingAgent,HOLD,0.1,0.0,No pair defined for this symbol,False
23b04cdf,2026-06-18T19:25:21+00:00,MSFT,bull,VolatilityAgent,HOLD,0.3,0.0,Vol HOLD: VIX=16.87 | z=-0.37 | mom5=-13.2%,False
23b04cdf,2026-06-18T19:25:21+00:00,MSFT,bull,EarningsSentimentAgent,HOLD,0.1,0.0,EarningsSentiment: API error — TypeError,False
23b04cdf,2026-06-18T19:25:22+00:00,GOOGL,bull,DummyHoldAgent,HOLD,0.0,0.0,Baseline hold,False
23b04cdf,2026-06-18T19:25:22+00:00,GOOGL,bull,BuffettAgent,BUY,0.9,0.1,Buffett screen passed (stable + trend + near-high),True
23b04cdf,2026-06-18T19:25:22+00:00,GOOGL,bull,CitadelAgent,HOLD,0.3,0.0,No Citadel momentum setup,False
23b04cdf,2026-06-18T19:25:22+00:00,GOOGL,bull,MeanReversionAgent,HOLD,0.3,0.0,No mean reversion setup (RSI=42.0),False
23b04cdf,2026-06-18T19:25:22+00:00,GOOGL,bull,MacroAgent,BUY,0.6,0.08,Macro RISK ON: SPY=15.01% GLD=-6.62% TLT=2.16%,False
23b04cdf,2026-06-18T19:25:22+00:00,GOOGL,bull,TrendFollowingAgent,HOLD,0.3,0.0,"No trend setup (ADX=30.8, bull=False)",False
23b04cdf,2026-06-18T19:25:22+00:00,GOOGL,bull,DividendArbitrageAgent,HOLD,0.2,0.0,DivArb: yield=0.060% trop faible,False
23b04cdf,2026-06-18T19:25:22+00:00,GOOGL,bull,PairsTradingAgent,HOLD,0.1,0.0,No pair defined for this symbol,False
23b04cdf,2026-06-18T19:25:22+00:00,GOOGL,bull,VolatilityAgent,HOLD,0.3,0.0,Vol HOLD: VIX=16.87 | z=-0.37 | mom5=-13.2%,False
23b04cdf,2026-06-18T19:25:22+00:00,GOOGL,bull,EarningsSentimentAgent,HOLD,0.1,0.0,EarningsSentiment: API error — TypeError,False
23b04cdf,2026-06-18T19:25:24+00:00,META,bull,DummyHoldAgent,HOLD,0.0,0.0,Baseline hold,False
23b04cdf,2026-06-18T19:25:24+00:00,META,bull,BuffettAgent,HOLD,0.55,0.0,Buffett screen not strong enough,False
23b04cdf,2026-06-18T19:25:24+00:00,META,bull,CitadelAgent,HOLD,0.1,0.0,No Citadel momentum setup,False
23b04cdf,2026-06-18T19:25:24+00:00,META,bull,MeanReversionAgent,HOLD,0.3,0.0,No mean reversion setup (RSI=35.4),False
23b04cdf,2026-06-18T19:25:24+00:00,META,bull,MacroAgent,BUY,0.6,0.08,Macro RISK ON: SPY=15.01% GLD=-6.62% TLT=2.16%,True
23b04cdf,2026-06-18T19:25:24+00:00,META,bull,TrendFollowingAgent,HOLD,0.3,0.0,"No trend setup (ADX=10.4, bull=False)",False
23b04cdf,2026-06-18T19:25:24+00:00,META,bull,DividendArbitrageAgent,HOLD,0.2,0.0,DivArb: yield=0.091% trop faible,False
23b04cdf,2026-06-18T19:25:24+00:00,META,bull,PairsTradingAgent,HOLD,0.1,0.0,No pair defined for this symbol,False
23b04cdf,2026-06-18T19:25:24+00:00,META,bull,VolatilityAgent,HOLD,0.3,0.0,Vol HOLD: VIX=16.87 | z=-0.37 | mom5=-13.2%,False
23b04cdf,2026-06-18T19:25:24+00:00,META,bull,EarningsSentimentAgent,HOLD,0.1,0.0,EarningsSentiment: API error — TypeError,False
23b04cdf,2026-06-18T19:25:26+00:00,JPM,bull,DummyHoldAgent,HOLD,0.0,0.0,Baseline hold,False
23b04cdf,2026-06-18T19:25:26+00:00,JPM,bull,BuffettAgent,BUY,0.9,0.1,Buffett screen passed (stable + trend + near-high),True
23b04cdf,2026-06-18T19:25:26+00:00,JPM,bull,CitadelAgent,HOLD,0.3,0.0,No Citadel momentum setup,False
23b04cdf,2026-06-18T19:25:26+00:00,JPM,bull,MeanReversionAgent,HOLD,0.3,0.0,No mean reversion setup (RSI=73.9),False
23b04cdf,2026-06-18T19:25:26+00:00,JPM,bull,MacroAgent,BUY,0.6,0.08,Macro RISK ON: SPY=15.02% GLD=-6.62% TLT=2.16%,False
23b04cdf,2026-06-18T19:25:26+00:00,JPM,bull,TrendFollowingAgent,BUY,0.9,0.1,TrendFollow BUY: MAs alignées + ADX=39.2 + mom20=8.37%,False
23b04cdf,2026-06-18T19:25:26+00:00,JPM,bull,DividendArbitrageAgent,HOLD,0.2,0.0,No dividend data available,False
23b04cdf,2026-06-18T19:25:26+00:00,JPM,bull,PairsTradingAgent,HOLD,0.3,0.0,PairsTrading HOLD: z-score=-1.31 (seuil=2.0),False
23b04cdf,2026-06-18T19:25:26+00:00,JPM,bull,VolatilityAgent,HOLD,0.3,0.0,Vol HOLD: VIX=16.87 | z=-0.37 | mom5=-13.2%,False
23b04cdf,2026-06-18T19:25:26+00:00,JPM,bull,EarningsSentimentAgent,HOLD,0.1,0.0,EarningsSentiment: API error — TypeError,False
23b04cdf,2026-06-18T19:25:28+00:00,GS,bull,DummyHoldAgent,HOLD,0.0,0.0,Baseline hold,False
23b04cdf,2026-06-18T19:25:28+00:00,GS,bull,BuffettAgent,BUY,0.9,0.1,Buffett screen passed (stable + trend + near-high),True
23b04cdf,2026-06-18T19:25:28+00:00,GS,bull,CitadelAgent,HOLD,0.3,0.0,No Citadel momentum setup,False
23b04cdf,2026-06-18T19:25:28+00:00,GS,bull,MeanReversionAgent,HOLD,0.3,0.0,No mean reversion setup (RSI=62.7),False
23b04cdf,2026-06-18T19:25:28+00:00,GS,bull,MacroAgent,BUY,0.6,0.08,Macro RISK ON: SPY=15.01% GLD=-6.63% TLT=2.16%,False
23b04cdf,2026-06-18T19:25:28+00:00,GS,bull,TrendFollowingAgent,BUY,0.9,0.1,TrendFollow BUY: MAs alignées + ADX=40.8 + mom20=12.84%,False
23b04cdf,2026-06-18T19:25:28+00:00,GS,bull,DividendArbitrageAgent,HOLD,0.2,0.0,DivArb: pas de setup,False
23b04cdf,2026-06-18T19:25:28+00:00,GS,bull,PairsTradingAgent,HOLD,0.1,0.0,No pair defined for this symbol,False
23b04cdf,2026-06-18T19:25:28+00:00,GS,bull,VolatilityAgent,HOLD,0.3,0.0,Vol HOLD: VIX=16.87 | z=-0.37 | mom5=-13.2%,False
23b04cdf,2026-06-18T19:25:28+00:00,GS,bull,EarningsSentimentAgent,HOLD,0.1,0.0,EarningsSentiment: API error — TypeError,False
23b04cdf,2026-06-18T19:25:30+00:00,GLD,bull,DummyHoldAgent,HOLD,0.0,0.0,Baseline hold,False
23b04cdf,2026-06-18T19:25:30+00:00,GLD,bull,BuffettAgent,HOLD,0.55,0.0,Buffett screen not strong enough,False
23b04cdf,2026-06-18T19:25:30+00:00,GLD,bull,CitadelAgent,HOLD,0.1,0.0,No Citadel momentum setup,False
23b04cdf,2026-06-18T19:25:30+00:00,GLD,bull,MeanReversionAgent,HOLD,0.3,0.0,No mean reversion setup (RSI=32.2),False
23b04cdf,2026-06-18T19:25:30+00:00,GLD,bull,MacroAgent,BUY,0.6,0.08,Macro RISK ON: SPY=15.01% GLD=-6.62% TLT=2.16%,False
23b04cdf,2026-06-18T19:25:30+00:00,GLD,bull,TrendFollowingAgent,HOLD,0.3,0.0,"No trend setup (ADX=28.6, bull=False)",False
23b04cdf,2026-06-18T19:25:30+00:00,GLD,bull,DividendArbitrageAgent,HOLD,0.2,0.0,No dividend data available,False
23b04cdf,2026-06-18T19:25:30+00:00,GLD,bull,PairsTradingAgent,BUY,0.7709,0.08,PairsTrading BUY: GLD sous-évalué vs TLT | z=-2.42,True
23b04cdf,2026-06-18T19:25:30+00:00,GLD,bull,VolatilityAgent,HOLD,0.3,0.0,Vol HOLD: VIX=16.87 | z=-0.37 | mom5=-13.2%,False
23b04cdf,2026-06-18T19:25:30+00:00,GLD,bull,EarningsSentimentAgent,HOLD,0.1,0.0,EarningsSentiment: API error — TypeError,False
23b04cdf,2026-06-18T19:25:32+00:00,TSLA,bull,DummyHoldAgent,HOLD,0.0,0.0,Baseline hold,False
23b04cdf,2026-06-18T19:25:32+00:00,TSLA,bull,BuffettAgent,HOLD,0.55,0.0,Buffett screen not strong enough,False
23b04cdf,2026-06-18T19:25:32+00:00,TSLA,bull,CitadelAgent,HOLD,0.1,0.0,No Citadel momentum setup,False
23b04cdf,2026-06-18T19:25:32+00:00,TSLA,bull,MeanReversionAgent,HOLD,0.3,0.0,No mean reversion setup (RSI=36.8),False
23b04cdf,2026-06-18T19:25:32+00:00,TSLA,bull,MacroAgent,BUY,0.6,0.08,Macro RISK ON: SPY=15.00% GLD=-6.63% TLT=2.16%,True
23b04cdf,2026-06-18T19:25:32+00:00,TSLA,bull,TrendFollowingAgent,HOLD,0.3,0.0,"No trend setup (ADX=23.8, bull=False)",False
23b04cdf,2026-06-18T19:25:32+00:00,TSLA,bull,DividendArbitrageAgent,HOLD,0.2,0.0,No dividend data available,False
23b04cdf,2026-06-18T19:25:32+00:00,TSLA,bull,PairsTradingAgent,HOLD,0.1,0.0,No pair defined for this symbol,False
23b04cdf,2026-06-18T19:25:32+00:00,TSLA,bull,VolatilityAgent,HOLD,0.3,0.0,Vol HOLD: VIX=16.87 | z=-0.37 | mom5=-13.2%,False
23b04cdf,2026-06-18T19:25:32+00:00,TSLA,bull,EarningsSentimentAgent,HOLD,0.1,0.0,EarningsSentiment: API error — TypeError,False
23b04cdf,2026-06-18T19:25:33+00:00,AMD,bull,DummyHoldAgent,HOLD,0.0,0.0,Baseline hold,False
23b04cdf,2026-06-18T19:25:33+00:00,AMD,bull,BuffettAgent,BUY,0.7,0.1,Buffett screen passed (stable + trend + near-high),True
23b04cdf,2026-06-18T19:25:33+00:00,AMD,bull,CitadelAgent,HOLD,0.3,0.0,No Citadel momentum setup,False
23b04cdf,2026-06-18T19:25:33+00:00,AMD,bull,MeanReversionAgent,HOLD,0.3,0.0,No mean reversion setup (RSI=52.3),False
23b04cdf,2026-06-18T19:25:33+00:00,AMD,bull,MacroAgent,BUY,0.6,0.08,Macro RISK ON: SPY=15.01% GLD=-6.63% TLT=2.17%,False
23b04cdf,2026-06-18T19:25:33+00:00,AMD,bull,TrendFollowingAgent,HOLD,0.3,0.0,"No trend setup (ADX=11.3, bull=True)",False
23b04cdf,2026-06-18T19:25:33+00:00,AMD,bull,DividendArbitrageAgent,HOLD,0.2,0.0,DivArb: yield=0.000% trop faible,False
23b04cdf,2026-06-18T19:25:33+00:00,AMD,bull,PairsTradingAgent,HOLD,0.1,0.0,No pair defined for this symbol,False
23b04cdf,2026-06-18T19:25:33+00:00,AMD,bull,VolatilityAgent,HOLD,0.3,0.0,Vol HOLD: VIX=16.87 | z=-0.37 | mom5=-13.2%,False
23b04cdf,2026-06-18T19:25:33+00:00,AMD,bull,EarningsSentimentAgent,HOLD,0.1,0.0,EarningsSentiment: API error — TypeError,False
23b04cdf,2026-06-18T19:25:35+00:00,AMZN,bull,DummyHoldAgent,HOLD,0.0,0.0,Baseline hold,False
23b04cdf,2026-06-18T19:25:35+00:00,AMZN,bull,BuffettAgent,BUY,0.9,0.1,Buffett screen passed (stable + trend + near-high),True
23b04cdf,2026-06-18T19:25:35+00:00,AMZN,bull,CitadelAgent,HOLD,0.3,0.0,No Citadel momentum setup,False
23b04cdf,2026-06-18T19:25:35+00:00,AMZN,bull,MeanReversionAgent,HOLD,0.3,0.0,No mean reversion setup (RSI=29.7),False
23b04cdf,2026-06-18T19:25:35+00:00,AMZN,bull,MacroAgent,BUY,0.6,0.08,Macro RISK ON: SPY=15.01% GLD=-6.63% TLT=2.16%,False
23b04cdf,2026-06-18T19:25:35+00:00,AMZN,bull,TrendFollowingAgent,HOLD,0.3,0.0,"No trend setup (ADX=49.6, bull=False)",False
23b04cdf,2026-06-18T19:25:35+00:00,AMZN,bull,DividendArbitrageAgent,HOLD,0.2,0.0,No dividend data available,False
23b04cdf,2026-06-18T19:25:35+00:00,AMZN,bull,PairsTradingAgent,HOLD,0.1,0.0,No pair defined for this symbol,False
23b04cdf,2026-06-18T19:25:35+00:00,AMZN,bull,VolatilityAgent,HOLD,0.3,0.0,Vol HOLD: VIX=16.87 | z=-0.37 | mom5=-13.2%,False
23b04cdf,2026-06-18T19:25:35+00:00,AMZN,bull,EarningsSentimentAgent,HOLD,0.1,0.0,EarningsSentiment: API error — TypeError,False
23b04cdf,2026-06-18T19:25:37+00:00,LLY,bull,DummyHoldAgent,HOLD,0.0,0.0,Baseline hold,False
23b04cdf,2026-06-18T19:25:37+00:00,LLY,bull,BuffettAgent,BUY,0.9,0.1,Buffett screen passed (stable + trend + near-high),True
23b04cdf,2026-06-18T19:25:37+00:00,LLY,bull,CitadelAgent,HOLD,0.3,0.0,No Citadel momentum setup,False
23b04cdf,2026-06-18T19:25:37+00:00,LLY,bull,MeanReversionAgent,HOLD,0.3,0.0,No mean reversion setup (RSI=48.7),False
23b04cdf,2026-06-18T19:25:37+00:00,LLY,bull,MacroAgent,BUY,0.6,0.08,Macro RISK ON: SPY=15.01% GLD=-6.63% TLT=2.16%,False
23b04cdf,2026-06-18T19:25:37+00:00,LLY,bull,TrendFollowingAgent,HOLD,0.3,0.0,"No trend setup (ADX=48.8, bull=False)",False
23b04cdf,2026-06-18T19:25:37+00:00,LLY,bull,DividendArbitrageAgent,HOLD,0.2,0.0,No dividend data available,False
23b04cdf,2026-06-18T19:25:37+00:00,LLY,bull,PairsTradingAgent,HOLD,0.1,0.0,No pair defined for this symbol,False
23b04cdf,2026-06-18T19:25:37+00:00,LLY,bull,VolatilityAgent,HOLD,0.3,0.0,Vol HOLD: VIX=16.87 | z=-0.37 | mom5=-13.2%,False
23b04cdf,2026-06-18T19:25:37+00:00,LLY,bull,EarningsSentimentAgent,HOLD,0.1,0.0,EarningsSentiment: API error — TypeError,False
7034b672,2026-06-18T19:29:44+00:00,AAPL,bull,DummyHoldAgent,HOLD,0.0,0.0,Baseline hold,False
7034b672,2026-06-18T19:29:44+00:00,AAPL,bull,BuffettAgent,BUY,0.9,0.1,Buffett screen passed (stable + trend + near-high),True
7034b672,2026-06-18T19:29:44+00:00,AAPL,bull,CitadelAgent,HOLD,0.3,0.0,No Citadel momentum setup,False
7034b672,2026-06-18T19:29:44+00:00,AAPL,bull,MeanReversionAgent,HOLD,0.3,0.0,No mean reversion setup (RSI=38.5),False
7034b672,2026-06-18T19:29:44+00:00,AAPL,bull,MacroAgent,BUY,0.6,0.08,Macro RISK ON: SPY=15.04% GLD=-6.65% TLT=2.17%,False
7034b672,2026-06-18T19:29:44+00:00,AAPL,bull,TrendFollowingAgent,HOLD,0.3,0.0,"No trend setup (ADX=31.8, bull=False)",False
7034b672,2026-06-18T19:29:44+00:00,AAPL,bull,DividendArbitrageAgent,HOLD,0.2,0.0,DivArb: yield=0.091% trop faible,False
7034b672,2026-06-18T19:29:44+00:00,AAPL,bull,PairsTradingAgent,HOLD,0.3,0.0,PairsTrading HOLD: z-score=2.11 (seuil=2.0),False
7034b672,2026-06-18T19:29:44+00:00,AAPL,bull,VolatilityAgent,HOLD,0.3,0.0,Vol HOLD: VIX=16.89 | z=-0.36 | mom5=-13.1%,False
7034b672,2026-06-18T19:29:44+00:00,AAPL,bull,EarningsSentimentAgent,HOLD,0.1,0.0,EarningsSentiment: API error — TypeError,False
7034b672,2026-06-18T19:29:46+00:00,SPY,bull,DummyHoldAgent,HOLD,0.0,0.0,Baseline hold,False
7034b672,2026-06-18T19:29:46+00:00,SPY,bull,BuffettAgent,BUY,0.9,0.1,Buffett screen passed (stable + trend + near-high),False
7034b672,2026-06-18T19:29:46+00:00,SPY,bull,CitadelAgent,BUY,0.8500000000000001,0.12,Citadel v2: trend + momentum + volume,True
7034b672,2026-06-18T19:29:46+00:00,SPY,bull,MeanReversionAgent,HOLD,0.3,0.0,No mean reversion setup (RSI=44.5),False
7034b672,2026-06-18T19:29:46+00:00,SPY,bull,MacroAgent,BUY,0.6,0.08,Macro RISK ON: SPY=15.04% GLD=-6.64% TLT=2.17%,False
7034b672,2026-06-18T19:29:46+00:00,SPY,bull,TrendFollowingAgent,HOLD,0.3,0.0,"No trend setup (ADX=24.9, bull=False)",False
7034b672,2026-06-18T19:29:46+00:00,SPY,bull,DividendArbitrageAgent,HOLD,0.2,0.0,No dividend data available,False
7034b672,2026-06-18T19:29:46+00:00,SPY,bull,PairsTradingAgent,HOLD,0.3,0.0,PairsTrading HOLD: z-score=-1.54 (seuil=2.0),False
7034b672,2026-06-18T19:29:46+00:00,SPY,bull,VolatilityAgent,HOLD,0.3,0.0,Vol HOLD: VIX=16.89 | z=-0.36 | mom5=-13.1%,False
7034b672,2026-06-18T19:29:46+00:00,SPY,bull,EarningsSentimentAgent,HOLD,0.1,0.0,EarningsSentiment: API error — TypeError,False
7034b672,2026-06-18T19:29:48+00:00,QQQ,bull,DummyHoldAgent,HOLD,0.0,0.0,Baseline hold,False
7034b672,2026-06-18T19:29:48+00:00,QQQ,bull,BuffettAgent,BUY,0.9,0.1,Buffett screen passed (stable + trend + near-high),True
7034b672,2026-06-18T19:29:48+00:00,QQQ,bull,CitadelAgent,HOLD,0.3,0.0,No Citadel momentum setup,False
7034b672,2026-06-18T19:29:48+00:00,QQQ,bull,MeanReversionAgent,HOLD,0.3,0.0,No mean reversion setup (RSI=50.4),False
7034b672,2026-06-18T19:29:48+00:00,QQQ,bull,MacroAgent,BUY,0.6,0.08,Macro RISK ON: SPY=15.04% GLD=-6.64% TLT=2.17%,False
7034b672,2026-06-18T19:29:48+00:00,QQQ,bull,TrendFollowingAgent,HOLD,0.3,0.0,"No trend setup (ADX=21.4, bull=True)",False
7034b672,2026-06-18T19:29:48+00:00,QQQ,bull,DividendArbitrageAgent,HOLD,0.2,0.0,No dividend data available,False
7034b672,2026-06-18T19:29:48+00:00,QQQ,bull,PairsTradingAgent,HOLD,0.1,0.0,No pair defined for this symbol,False
7034b672,2026-06-18T19:29:48+00:00,QQQ,bull,VolatilityAgent,HOLD,0.3,0.0,Vol HOLD: VIX=16.89 | z=-0.36 | mom5=-13.1%,False
7034b672,2026-06-18T19:29:48+00:00,QQQ,bull,EarningsSentimentAgent,HOLD,0.1,0.0,EarningsSentiment: API error — TypeError,False
7034b672,2026-06-18T19:29:49+00:00,NVDA,bull,DummyHoldAgent,HOLD,0.0,0.0,Baseline hold,False
7034b672,2026-06-18T19:29:49+00:00,NVDA,bull,BuffettAgent,BUY,0.9,0.1,Buffett screen passed (stable + trend + near-high),True
7034b672,2026-06-18T19:29:49+00:00,NVDA,bull,CitadelAgent,HOLD,0.3,0.0,No Citadel momentum setup,False
7034b672,2026-06-18T19:29:49+00:00,NVDA,bull,MeanReversionAgent,HOLD,0.3,0.0,No mean reversion setup (RSI=49.3),False
7034b672,2026-06-18T19:29:49+00:00,NVDA,bull,MacroAgent,BUY,0.6,0.08,Macro RISK ON: SPY=15.03% GLD=-6.65% TLT=2.17%,False
7034b672,2026-06-18T19:29:49+00:00,NVDA,bull,TrendFollowingAgent,HOLD,0.3,0.0,"No trend setup (ADX=14.9, bull=False)",False
7034b672,2026-06-18T19:29:49+00:00,NVDA,bull,DividendArbitrageAgent,HOLD,0.2,0.0,No dividend data available,False
7034b672,2026-06-18T19:29:49+00:00,NVDA,bull,PairsTradingAgent,HOLD,0.1,0.0,No pair defined for this symbol,False
7034b672,2026-06-18T19:29:49+00:00,NVDA,bull,VolatilityAgent,HOLD,0.3,0.0,Vol HOLD: VIX=16.89 | z=-0.36 | mom5=-13.1%,False
7034b672,2026-06-18T19:29:49+00:00,NVDA,bull,EarningsSentimentAgent,HOLD,0.1,0.0,EarningsSentiment: API error — TypeError,False
7034b672,2026-06-18T19:29:51+00:00,MSFT,bull,DummyHoldAgent,HOLD,0.0,0.0,Baseline hold,False
7034b672,2026-06-18T19:29:51+00:00,MSFT,bull,BuffettAgent,HOLD,0.55,0.0,Buffett screen not strong enough,False
7034b672,2026-06-18T19:29:51+00:00,MSFT,bull,CitadelAgent,HOLD,0.1,0.0,No Citadel momentum setup,False
7034b672,2026-06-18T19:29:51+00:00,MSFT,bull,MeanReversionAgent,HOLD,0.3,0.0,No mean reversion setup (RSI=18.1),False
7034b672,2026-06-18T19:29:51+00:00,MSFT,bull,MacroAgent,BUY,0.6,0.08,Macro RISK ON: SPY=15.03% GLD=-6.65% TLT=2.17%,True
7034b672,2026-06-18T19:29:51+00:00,MSFT,bull,TrendFollowingAgent,HOLD,0.3,0.0,"No trend setup (ADX=26.1, bull=False)",False
7034b672,2026-06-18T19:29:51+00:00,MSFT,bull,DividendArbitrageAgent,HOLD,0.2,0.0,DivArb: ex-date dans 63j (hors fenêtre),False
7034b672,2026-06-18T19:29:51+00:00,MSFT,bull,PairsTradingAgent,HOLD,0.1,0.0,No pair defined for this symbol,False
7034b672,2026-06-18T19:29:51+00:00,MSFT,bull,VolatilityAgent,HOLD,0.3,0.0,Vol HOLD: VIX=16.89 | z=-0.36 | mom5=-13.1%,False
7034b672,2026-06-18T19:29:51+00:00,MSFT,bull,EarningsSentimentAgent,HOLD,0.1,0.0,EarningsSentiment: API error — TypeError,False
7034b672,2026-06-18T19:29:53+00:00,GOOGL,bull,DummyHoldAgent,HOLD,0.0,0.0,Baseline hold,False
7034b672,2026-06-18T19:29:53+00:00,GOOGL,bull,BuffettAgent,BUY,0.9,0.1,Buffett screen passed (stable + trend + near-high),True
7034b672,2026-06-18T19:29:53+00:00,GOOGL,bull,CitadelAgent,HOLD,0.3,0.0,No Citadel momentum setup,False
7034b672,2026-06-18T19:29:53+00:00,GOOGL,bull,MeanReversionAgent,HOLD,0.3,0.0,No mean reversion setup (RSI=42.4),False
7034b672,2026-06-18T19:29:53+00:00,GOOGL,bull,MacroAgent,BUY,0.6,0.08,Macro RISK ON: SPY=15.03% GLD=-6.64% TLT=2.17%,False
7034b672,2026-06-18T19:29:53+00:00,GOOGL,bull,TrendFollowingAgent,HOLD,0.3,0.0,"No trend setup (ADX=30.8, bull=False)",False
7034b672,2026-06-18T19:29:53+00:00,GOOGL,bull,DividendArbitrageAgent,HOLD,0.2,0.0,DivArb: yield=0.060% trop faible,False
7034b672,2026-06-18T19:29:53+00:00,GOOGL,bull,PairsTradingAgent,HOLD,0.1,0.0,No pair defined for this symbol,False
7034b672,2026-06-18T19:29:53+00:00,GOOGL,bull,VolatilityAgent,HOLD,0.3,0.0,Vol HOLD: VIX=16.89 | z=-0.36 | mom5=-13.1%,False
7034b672,2026-06-18T19:29:53+00:00,GOOGL,bull,EarningsSentimentAgent,HOLD,0.1,0.0,EarningsSentiment: API error — TypeError,False
7034b672,2026-06-18T19:29:55+00:00,META,bull,DummyHoldAgent,HOLD,0.0,0.0,Baseline hold,False
7034b672,2026-06-18T19:29:55+00:00,META,bull,BuffettAgent,HOLD,0.55,0.0,Buffett screen not strong enough,False
7034b672,2026-06-18T19:29:55+00:00,META,bull,CitadelAgent,HOLD,0.1,0.0,No Citadel momentum setup,False
7034b672,2026-06-18T19:29:55+00:00,META,bull,MeanReversionAgent,HOLD,0.3,0.0,No mean reversion setup (RSI=35.6),False
7034b672,2026-06-18T19:29:55+00:00,META,bull,MacroAgent,BUY,0.6,0.08,Macro RISK ON: SPY=15.03% GLD=-6.64% TLT=2.17%,True
7034b672,2026-06-18T19:29:55+00:00,META,bull,TrendFollowingAgent,HOLD,0.3,0.0,"No trend setup (ADX=10.4, bull=False)",False
7034b672,2026-06-18T19:29:55+00:00,META,bull,DividendArbitrageAgent,HOLD,0.2,0.0,DivArb: yield=0.091% trop faible,False
7034b672,2026-06-18T19:29:55+00:00,META,bull,PairsTradingAgent,HOLD,0.1,0.0,No pair defined for this symbol,False
7034b672,2026-06-18T19:29:55+00:00,META,bull,VolatilityAgent,HOLD,0.3,0.0,Vol HOLD: VIX=16.89 | z=-0.36 | mom5=-13.1%,False
7034b672,2026-06-18T19:29:55+00:00,META,bull,EarningsSentimentAgent,HOLD,0.1,0.0,EarningsSentiment: API error — TypeError,False
7034b672,2026-06-18T19:29:57+00:00,JPM,bull,DummyHoldAgent,HOLD,0.0,0.0,Baseline hold,False
7034b672,2026-06-18T19:29:57+00:00,JPM,bull,BuffettAgent,BUY,0.9,0.1,Buffett screen passed (stable + trend + near-high),True
7034b672,2026-06-18T19:29:57+00:00,JPM,bull,CitadelAgent,HOLD,0.3,0.0,No Citadel momentum setup,False
7034b672,2026-06-18T19:29:57+00:00,JPM,bull,MeanReversionAgent,HOLD,0.3,0.0,No mean reversion setup (RSI=73.7),False
7034b672,2026-06-18T19:29:57+00:00,JPM,bull,MacroAgent,BUY,0.6,0.08,Macro RISK ON: SPY=15.03% GLD=-6.64% TLT=2.17%,False
7034b672,2026-06-18T19:29:57+00:00,JPM,bull,TrendFollowingAgent,BUY,0.9,0.1,TrendFollow BUY: MAs alignées + ADX=39.1 + mom20=8.30%,False
7034b672,2026-06-18T19:29:57+00:00,JPM,bull,DividendArbitrageAgent,HOLD,0.2,0.0,No dividend data available,False
7034b672,2026-06-18T19:29:57+00:00,JPM,bull,PairsTradingAgent,HOLD,0.3,0.0,PairsTrading HOLD: z-score=-1.30 (seuil=2.0),False
7034b672,2026-06-18T19:29:57+00:00,JPM,bull,VolatilityAgent,HOLD,0.3,0.0,Vol HOLD: VIX=16.89 | z=-0.36 | mom5=-13.1%,False
7034b672,2026-06-18T19:29:57+00:00,JPM,bull,EarningsSentimentAgent,HOLD,0.1,0.0,EarningsSentiment: API error — TypeError,False
7034b672,2026-06-18T19:29:59+00:00,GS,bull,DummyHoldAgent,HOLD,0.0,0.0,Baseline hold,False
7034b672,2026-06-18T19:29:59+00:00,GS,bull,BuffettAgent,BUY,0.9,0.1,Buffett screen passed (stable + trend + near-high),True
7034b672,2026-06-18T19:29:59+00:00,GS,bull,CitadelAgent,HOLD,0.3,0.0,No Citadel momentum setup,False
7034b672,2026-06-18T19:29:59+00:00,GS,bull,MeanReversionAgent,HOLD,0.3,0.0,No mean reversion setup (RSI=62.4),False
7034b672,2026-06-18T19:29:59+00:00,GS,bull,MacroAgent,BUY,0.6,0.08,Macro RISK ON: SPY=15.03% GLD=-6.64% TLT=2.17%,False
7034b672,2026-06-18T19:29:59+00:00,GS,bull,TrendFollowingAgent,BUY,0.9,0.1,TrendFollow BUY: MAs alignées + ADX=40.8 + mom20=12.60%,False
7034b672,2026-06-18T19:29:59+00:00,GS,bull,DividendArbitrageAgent,HOLD,0.2,0.0,DivArb: pas de setup,False
7034b672,2026-06-18T19:29:59+00:00,GS,bull,PairsTradingAgent,HOLD,0.1,0.0,No pair defined for this symbol,False
7034b672,2026-06-18T19:29:59+00:00,GS,bull,VolatilityAgent,HOLD,0.3,0.0,Vol HOLD: VIX=16.89 | z=-0.36 | mom5=-13.1%,False
7034b672,2026-06-18T19:29:59+00:00,GS,bull,EarningsSentimentAgent,HOLD,0.1,0.0,EarningsSentiment: API error — TypeError,False
7034b672,2026-06-18T19:30:00+00:00,GLD,bull,DummyHoldAgent,HOLD,0.0,0.0,Baseline hold,False
7034b672,2026-06-18T19:30:00+00:00,GLD,bull,BuffettAgent,HOLD,0.55,0.0,Buffett screen not strong enough,False
7034b672,2026-06-18T19:30:00+00:00,GLD,bull,CitadelAgent,HOLD,0.1,0.0,No Citadel momentum setup,False
7034b672,2026-06-18T19:30:00+00:00,GLD,bull,MeanReversionAgent,HOLD,0.3,0.0,No mean reversion setup (RSI=32.2),False
7034b672,2026-06-18T19:30:00+00:00,GLD,bull,MacroAgent,BUY,0.6,0.08,Macro RISK ON: SPY=15.03% GLD=-6.64% TLT=2.17%,False
7034b672,2026-06-18T19:30:00+00:00,GLD,bull,TrendFollowingAgent,HOLD,0.3,0.0,"No trend setup (ADX=28.6, bull=False)",False
7034b672,2026-06-18T19:30:00+00:00,GLD,bull,DividendArbitrageAgent,HOLD,0.2,0.0,No dividend data available,False
7034b672,2026-06-18T19:30:00+00:00,GLD,bull,PairsTradingAgent,BUY,0.7712,0.08,PairsTrading BUY: GLD sous-évalué vs TLT | z=-2.42,True
7034b672,2026-06-18T19:30:00+00:00,GLD,bull,VolatilityAgent,HOLD,0.3,0.0,Vol HOLD: VIX=16.89 | z=-0.36 | mom5=-13.1%,False
7034b672,2026-06-18T19:30:00+00:00,GLD,bull,EarningsSentimentAgent,HOLD,0.1,0.0,EarningsSentiment: API error — TypeError,False
7034b672,2026-06-18T19:30:02+00:00,TSLA,bull,DummyHoldAgent,HOLD,0.0,0.0,Baseline hold,False
7034b672,2026-06-18T19:30:02+00:00,TSLA,bull,BuffettAgent,HOLD,0.55,0.0,Buffett screen not strong enough,False
7034b672,2026-06-18T19:30:02+00:00,TSLA,bull,CitadelAgent,HOLD,0.1,0.0,No Citadel momentum setup,False
7034b672,2026-06-18T19:30:02+00:00,TSLA,bull,MeanReversionAgent,HOLD,0.3,0.0,No mean reversion setup (RSI=36.7),False
7034b672,2026-06-18T19:30:02+00:00,TSLA,bull,MacroAgent,BUY,0.6,0.08,Macro RISK ON: SPY=15.03% GLD=-6.65% TLT=2.17%,True
7034b672,2026-06-18T19:30:02+00:00,TSLA,bull,TrendFollowingAgent,HOLD,0.3,0.0,"No trend setup (ADX=23.8, bull=False)",False
7034b672,2026-06-18T19:30:02+00:00,TSLA,bull,DividendArbitrageAgent,HOLD,0.2,0.0,No dividend data available,False
7034b672,2026-06-18T19:30:02+00:00,TSLA,bull,PairsTradingAgent,HOLD,0.1,0.0,No pair defined for this symbol,False
7034b672,2026-06-18T19:30:02+00:00,TSLA,bull,VolatilityAgent,HOLD,0.3,0.0,Vol HOLD: VIX=16.89 | z=-0.36 | mom5=-13.1%,False
7034b672,2026-06-18T19:30:02+00:00,TSLA,bull,EarningsSentimentAgent,HOLD,0.1,0.0,EarningsSentiment: API error — TypeError,False
7034b672,2026-06-18T19:30:04+00:00,AMD,bull,DummyHoldAgent,HOLD,0.0,0.0,Baseline hold,False
7034b672,2026-06-18T19:30:04+00:00,AMD,bull,BuffettAgent,BUY,0.7,0.1,Buffett screen passed (stable + trend + near-high),True
7034b672,2026-06-18T19:30:04+00:00,AMD,bull,CitadelAgent,HOLD,0.3,0.0,No Citadel momentum setup,False
7034b672,2026-06-18T19:30:04+00:00,AMD,bull,MeanReversionAgent,HOLD,0.3,0.0,No mean reversion setup (RSI=52.2),False
7034b672,2026-06-18T19:30:04+00:00,AMD,bull,MacroAgent,BUY,0.6,0.08,Macro RISK ON: SPY=15.03% GLD=-6.64% TLT=2.17%,False
7034b672,2026-06-18T19:30:04+00:00,AMD,bull,TrendFollowingAgent,HOLD,0.3,0.0,"No trend setup (ADX=11.3, bull=True)",False
7034b672,2026-06-18T19:30:04+00:00,AMD,bull,DividendArbitrageAgent,HOLD,0.2,0.0,DivArb: yield=0.000% trop faible,False
7034b672,2026-06-18T19:30:04+00:00,AMD,bull,PairsTradingAgent,HOLD,0.1,0.0,No pair defined for this symbol,False
7034b672,2026-06-18T19:30:04+00:00,AMD,bull,VolatilityAgent,HOLD,0.3,0.0,Vol HOLD: VIX=16.89 | z=-0.36 | mom5=-13.1%,False
7034b672,2026-06-18T19:30:04+00:00,AMD,bull,EarningsSentimentAgent,HOLD,0.1,0.0,EarningsSentiment: API error — TypeError,False
7034b672,2026-06-18T19:30:06+00:00,AMZN,bull,DummyHoldAgent,HOLD,0.0,0.0,Baseline hold,False
7034b672,2026-06-18T19:30:06+00:00,AMZN,bull,BuffettAgent,BUY,0.9,0.1,Buffett screen passed (stable + trend + near-high),True
7034b672,2026-06-18T19:30:06+00:00,AMZN,bull,CitadelAgent,HOLD,0.3,0.0,No Citadel momentum setup,False
7034b672,2026-06-18T19:30:06+00:00,AMZN,bull,MeanReversionAgent,HOLD,0.3,0.0,No mean reversion setup (RSI=29.8),False
7034b672,2026-06-18T19:30:06+00:00,AMZN,bull,MacroAgent,BUY,0.6,0.08,Macro RISK ON: SPY=15.02% GLD=-6.64% TLT=2.17%,False
7034b672,2026-06-18T19:30:06+00:00,AMZN,bull,TrendFollowingAgent,HOLD,0.3,0.0,"No trend setup (ADX=49.6, bull=False)",False
7034b672,2026-06-18T19:30:06+00:00,AMZN,bull,DividendArbitrageAgent,HOLD,0.2,0.0,No dividend data available,False
7034b672,2026-06-18T19:30:06+00:00,AMZN,bull,PairsTradingAgent,HOLD,0.1,0.0,No pair defined for this symbol,False
7034b672,2026-06-18T19:30:06+00:00,AMZN,bull,VolatilityAgent,HOLD,0.3,0.0,Vol HOLD: VIX=16.89 | z=-0.36 | mom5=-13.1%,False
7034b672,2026-06-18T19:30:06+00:00,AMZN,bull,EarningsSentimentAgent,HOLD,0.1,0.0,EarningsSentiment: API error — TypeError,False
7034b672,2026-06-18T19:30:07+00:00,LLY,bull,DummyHoldAgent,HOLD,0.0,0.0,Baseline hold,False
7034b672,2026-06-18T19:30:07+00:00,LLY,bull,BuffettAgent,BUY,0.9,0.1,Buffett screen passed (stable + trend + near-high),True
7034b672,2026-06-18T19:30:07+00:00,LLY,bull,CitadelAgent,HOLD,0.3,0.0,No Citadel momentum setup,False
7034b672,2026-06-18T19:30:07+00:00,LLY,bull,MeanReversionAgent,HOLD,0.3,0.0,No mean reversion setup (RSI=48.7),False
7034b672,2026-06-18T19:30:07+00:00,LLY,bull,MacroAgent,BUY,0.6,0.08,Macro RISK ON: SPY=15.02% GLD=-6.66% TLT=2.17%,False
7034b672,2026-06-18T19:30:07+00:00,LLY,bull,TrendFollowingAgent,HOLD,0.3,0.0,"No trend setup (ADX=48.8, bull=False)",False
7034b672,2026-06-18T19:30:07+00:00,LLY,bull,DividendArbitrageAgent,HOLD,0.2,0.0,No dividend data available,False
7034b672,2026-06-18T19:30:07+00:00,LLY,bull,PairsTradingAgent,HOLD,0.1,0.0,No pair defined for this symbol,False
7034b672,2026-06-18T19:30:07+00:00,LLY,bull,VolatilityAgent,HOLD,0.3,0.0,Vol HOLD: VIX=16.89 | z=-0.36 | mom5=-13.1%,False
7034b672,2026-06-18T19:30:07+00:00,LLY,bull,EarningsSentimentAgent,HOLD,0.1,0.0,EarningsSentiment: API error — TypeError,False
026eb64e,2026-06-22T12:56:32+00:00,AAPL,bull,DummyHoldAgent,HOLD,0.0,0.0,Baseline hold,False
026eb64e,2026-06-22T12:56:32+00:00,AAPL,bull,BuffettAgent,BUY,0.9,0.1,Buffett screen passed (stable + trend + near-high),True
026eb64e,2026-06-22T12:56:32+00:00,AAPL,bull,CitadelAgent,HOLD,0.3,0.0,No Citadel momentum setup,False
026eb64e,2026-06-22T12:56:32+00:00,AAPL,bull,MeanReversionAgent,HOLD,0.3,0.0,No mean reversion setup (RSI=39.1),False
026eb64e,2026-06-22T12:56:32+00:00,AAPL,bull,MacroAgent,BUY,0.6,0.08,Macro RISK ON: SPY=15.43% GLD=-6.35% TLT=2.25%,False
026eb64e,2026-06-22T12:56:32+00:00,AAPL,bull,TrendFollowingAgent,HOLD,0.3,0.0,"No trend setup (ADX=31.8, bull=False)",False
026eb64e,2026-06-22T12:56:32+00:00,AAPL,bull,DividendArbitrageAgent,HOLD,0.2,0.0,DivArb: yield=0.091% trop faible,False
026eb64e,2026-06-22T12:56:32+00:00,AAPL,bull,PairsTradingAgent,HOLD,0.3,0.0,PairsTrading HOLD: z-score=2.09 (seuil=2.0),False
026eb64e,2026-06-22T12:56:32+00:00,AAPL,bull,VolatilityAgent,HOLD,0.3,0.0,Vol HOLD: VIX=17.04 | z=-0.32 | mom5=-3.6%,False
026eb64e,2026-06-22T12:56:32+00:00,AAPL,bull,EarningsSentimentAgent,HOLD,0.1,0.0,EarningsSentiment: API error — TypeError,False
026eb64e,2026-06-22T12:56:34+00:00,SPY,bull,DummyHoldAgent,HOLD,0.0,0.0,Baseline hold,False
026eb64e,2026-06-22T12:56:34+00:00,SPY,bull,BuffettAgent,BUY,0.9,0.1,Buffett screen passed (stable + trend + near-high),True
026eb64e,2026-06-22T12:56:34+00:00,SPY,bull,CitadelAgent,BUY,0.8500000000000001,0.12,Citadel v2: trend + momentum + volume,False
026eb64e,2026-06-22T12:56:34+00:00,SPY,bull,MeanReversionAgent,HOLD,0.3,0.0,No mean reversion setup (RSI=46.0),False
026eb64e,2026-06-22T12:56:34+00:00,SPY,bull,MacroAgent,BUY,0.6,0.08,Macro RISK ON: SPY=15.43% GLD=-6.35% TLT=2.25%,False
026eb64e,2026-06-22T12:56:34+00:00,SPY,bull,TrendFollowingAgent,HOLD,0.3,0.0,"No trend setup (ADX=24.9, bull=True)",False
026eb64e,2026-06-22T12:56:34+00:00,SPY,bull,DividendArbitrageAgent,HOLD,0.2,0.0,No dividend data available,False
026eb64e,2026-06-22T12:56:34+00:00,SPY,bull,PairsTradingAgent,HOLD,0.3,0.0,PairsTrading HOLD: z-score=-1.49 (seuil=2.0),False
026eb64e,2026-06-22T12:56:34+00:00,SPY,bull,VolatilityAgent,HOLD,0.3,0.0,Vol HOLD: VIX=17.04 | z=-0.32 | mom5=-3.6%,False
026eb64e,2026-06-22T12:56:34+00:00,SPY,bull,EarningsSentimentAgent,HOLD,0.1,0.0,EarningsSentiment: API error — TypeError,False
026eb64e,2026-06-22T12:56:36+00:00,QQQ,bull,DummyHoldAgent,HOLD,0.0,0.0,Baseline hold,False
026eb64e,2026-06-22T12:56:36+00:00,QQQ,bull,BuffettAgent,BUY,0.9,0.1,Buffett screen passed (stable + trend + near-high),False
026eb64e,2026-06-22T12:56:36+00:00,QQQ,bull,CitadelAgent,BUY,0.8,0.12,Citadel v2: trend + momentum + volume,True
026eb64e,2026-06-22T12:56:36+00:00,QQQ,bull,MeanReversionAgent,HOLD,0.3,0.0,No mean reversion setup (RSI=50.7),False
026eb64e,2026-06-22T12:56:36+00:00,QQQ,bull,MacroAgent,BUY,0.6,0.08,Macro RISK ON: SPY=15.43% GLD=-6.35% TLT=2.25%,False
026eb64e,2026-06-22T12:56:36+00:00,QQQ,bull,TrendFollowingAgent,HOLD,0.3,0.0,"No trend setup (ADX=21.4, bull=True)",False
026eb64e,2026-06-22T12:56:36+00:00,QQQ,bull,DividendArbitrageAgent,HOLD,0.2,0.0,No dividend data available,False
026eb64e,2026-06-22T12:56:36+00:00,QQQ,bull,PairsTradingAgent,HOLD,0.1,0.0,No pair defined for this symbol,False
026eb64e,2026-06-22T12:56:36+00:00,QQQ,bull,VolatilityAgent,HOLD,0.3,0.0,Vol HOLD: VIX=17.04 | z=-0.32 | mom5=-3.6%,False
026eb64e,2026-06-22T12:56:36+00:00,QQQ,bull,EarningsSentimentAgent,HOLD,0.1,0.0,EarningsSentiment: API error — TypeError,False
026eb64e,2026-06-22T12:56:38+00:00,NVDA,bull,DummyHoldAgent,HOLD,0.0,0.0,Baseline hold,False
026eb64e,2026-06-22T12:56:38+00:00,NVDA,bull,BuffettAgent,BUY,0.9,0.1,Buffett screen passed (stable + trend + near-high),True
026eb64e,2026-06-22T12:56:38+00:00,NVDA,bull,CitadelAgent,HOLD,0.3,0.0,No Citadel momentum setup,False
026eb64e,2026-06-22T12:56:38+00:00,NVDA,bull,MeanReversionAgent,HOLD,0.3,0.0,No mean reversion setup (RSI=49.9),False
026eb64e,2026-06-22T12:56:38+00:00,NVDA,bull,MacroAgent,BUY,0.6,0.08,Macro RISK ON: SPY=15.43% GLD=-6.35% TLT=2.25%,False
026eb64e,2026-06-22T12:56:38+00:00,NVDA,bull,TrendFollowingAgent,HOLD,0.3,0.0,"No trend setup (ADX=14.9, bull=False)",False
026eb64e,2026-06-22T12:56:38+00:00,NVDA,bull,DividendArbitrageAgent,HOLD,0.2,0.0,No dividend data available,False
026eb64e,2026-06-22T12:56:38+00:00,NVDA,bull,PairsTradingAgent,HOLD,0.1,0.0,No pair defined for this symbol,False
026eb64e,2026-06-22T12:56:38+00:00,NVDA,bull,VolatilityAgent,HOLD,0.3,0.0,Vol HOLD: VIX=17.04 | z=-0.32 | mom5=-3.6%,False
026eb64e,2026-06-22T12:56:38+00:00,NVDA,bull,EarningsSentimentAgent,HOLD,0.1,0.0,EarningsSentiment: API error — TypeError,False
026eb64e,2026-06-22T12:56:39+00:00,MSFT,bull,DummyHoldAgent,HOLD,0.0,0.0,Baseline hold,False
026eb64e,2026-06-22T12:56:39+00:00,MSFT,bull,BuffettAgent,HOLD,0.55,0.0,Buffett screen not strong enough,False
026eb64e,2026-06-22T12:56:39+00:00,MSFT,bull,CitadelAgent,HOLD,0.1,0.0,No Citadel momentum setup,False
026eb64e,2026-06-22T12:56:39+00:00,MSFT,bull,MeanReversionAgent,HOLD,0.3,0.0,No mean reversion setup (RSI=18.6),False
026eb64e,2026-06-22T12:56:39+00:00,MSFT,bull,MacroAgent,BUY,0.6,0.08,Macro RISK ON: SPY=15.43% GLD=-6.35% TLT=2.25%,True
026eb64e,2026-06-22T12:56:39+00:00,MSFT,bull,TrendFollowingAgent,HOLD,0.3,0.0,"No trend setup (ADX=26.1, bull=False)",False
026eb64e,2026-06-22T12:56:39+00:00,MSFT,bull,DividendArbitrageAgent,HOLD,0.2,0.0,DivArb: ex-date dans 59j (hors fenêtre),False
026eb64e,2026-06-22T12:56:39+00:00,MSFT,bull,PairsTradingAgent,HOLD,0.1,0.0,No pair defined for this symbol,False
026eb64e,2026-06-22T12:56:39+00:00,MSFT,bull,VolatilityAgent,HOLD,0.3,0.0,Vol HOLD: VIX=17.04 | z=-0.32 | mom5=-3.6%,False
026eb64e,2026-06-22T12:56:39+00:00,MSFT,bull,EarningsSentimentAgent,HOLD,0.1,0.0,EarningsSentiment: API error — TypeError,False
026eb64e,2026-06-22T12:56:41+00:00,GOOGL,bull,DummyHoldAgent,HOLD,0.0,0.0,Baseline hold,False
026eb64e,2026-06-22T12:56:41+00:00,GOOGL,bull,BuffettAgent,BUY,0.9,0.1,Buffett screen passed (stable + trend + near-high),True
026eb64e,2026-06-22T12:56:41+00:00,GOOGL,bull,CitadelAgent,HOLD,0.3,0.0,No Citadel momentum setup,False
026eb64e,2026-06-22T12:56:41+00:00,GOOGL,bull,MeanReversionAgent,HOLD,0.3,0.0,No mean reversion setup (RSI=42.7),False
026eb64e,2026-06-22T12:56:41+00:00,GOOGL,bull,MacroAgent,BUY,0.6,0.08,Macro RISK ON: SPY=15.43% GLD=-6.35% TLT=2.25%,False
026eb64e,2026-06-22T12:56:41+00:00,GOOGL,bull,TrendFollowingAgent,HOLD,0.3,0.0,"No trend setup (ADX=30.8, bull=False)",False
026eb64e,2026-06-22T12:56:41+00:00,GOOGL,bull,DividendArbitrageAgent,HOLD,0.2,0.0,DivArb: yield=0.060% trop faible,False
026eb64e,2026-06-22T12:56:41+00:00,GOOGL,bull,PairsTradingAgent,HOLD,0.1,0.0,No pair defined for this symbol,False
026eb64e,2026-06-22T12:56:41+00:00,GOOGL,bull,VolatilityAgent,HOLD,0.3,0.0,Vol HOLD: VIX=17.04 | z=-0.32 | mom5=-3.6%,False
026eb64e,2026-06-22T12:56:41+00:00,GOOGL,bull,EarningsSentimentAgent,HOLD,0.1,0.0,EarningsSentiment: API error — TypeError,False
026eb64e,2026-06-22T12:56:43+00:00,META,bull,DummyHoldAgent,HOLD,0.0,0.0,Baseline hold,False
026eb64e,2026-06-22T12:56:43+00:00,META,bull,BuffettAgent,HOLD,0.55,0.0,Buffett screen not strong enough,False
026eb64e,2026-06-22T12:56:43+00:00,META,bull,CitadelAgent,HOLD,0.1,0.0,No Citadel momentum setup,False
026eb64e,2026-06-22T12:56:43+00:00,META,bull,MeanReversionAgent,HOLD,0.3,0.0,No mean reversion setup (RSI=36.4),False
026eb64e,2026-06-22T12:56:43+00:00,META,bull,MacroAgent,BUY,0.6,0.08,Macro RISK ON: SPY=15.43% GLD=-6.35% TLT=2.25%,True
026eb64e,2026-06-22T12:56:43+00:00,META,bull,TrendFollowingAgent,HOLD,0.3,0.0,"No trend setup (ADX=10.4, bull=False)",False
026eb64e,2026-06-22T12:56:43+00:00,META,bull,DividendArbitrageAgent,HOLD,0.2,0.0,DivArb: yield=0.091% trop faible,False
026eb64e,2026-06-22T12:56:43+00:00,META,bull,PairsTradingAgent,HOLD,0.1,0.0,No pair defined for this symbol,False
026eb64e,2026-06-22T12:56:43+00:00,META,bull,VolatilityAgent,HOLD,0.3,0.0,Vol HOLD: VIX=17.04 | z=-0.32 | mom5=-3.6%,False
026eb64e,2026-06-22T12:56:43+00:00,META,bull,EarningsSentimentAgent,HOLD,0.1,0.0,EarningsSentiment: API error — TypeError,False
026eb64e,2026-06-22T12:56:45+00:00,JPM,bull,DummyHoldAgent,HOLD,0.0,0.0,Baseline hold,False
026eb64e,2026-06-22T12:56:45+00:00,JPM,bull,BuffettAgent,BUY,0.9,0.1,Buffett screen passed (stable + trend + near-high),False
026eb64e,2026-06-22T12:56:45+00:00,JPM,bull,CitadelAgent,BUY,0.8,0.12,Citadel v2: trend + momentum + volume,True
026eb64e,2026-06-22T12:56:45+00:00,JPM,bull,MeanReversionAgent,HOLD,0.3,0.0,No mean reversion setup (RSI=71.5),False
026eb64e,2026-06-22T12:56:45+00:00,JPM,bull,MacroAgent,BUY,0.6,0.08,Macro RISK ON: SPY=15.43% GLD=-6.35% TLT=2.25%,False
026eb64e,2026-06-22T12:56:45+00:00,JPM,bull,TrendFollowingAgent,BUY,0.9,0.1,TrendFollow BUY: MAs alignées + ADX=38.5 + mom20=7.70%,False
026eb64e,2026-06-22T12:56:45+00:00,JPM,bull,DividendArbitrageAgent,HOLD,0.2,0.0,No dividend data available,False
026eb64e,2026-06-22T12:56:45+00:00,JPM,bull,PairsTradingAgent,HOLD,0.3,0.0,PairsTrading HOLD: z-score=-1.30 (seuil=2.0),False
026eb64e,2026-06-22T12:56:45+00:00,JPM,bull,VolatilityAgent,HOLD,0.3,0.0,Vol HOLD: VIX=17.04 | z=-0.32 | mom5=-3.6%,False
026eb64e,2026-06-22T12:56:45+00:00,JPM,bull,EarningsSentimentAgent,HOLD,0.1,0.0,EarningsSentiment: API error — TypeError,False
026eb64e,2026-06-22T12:56:47+00:00,GS,bull,DummyHoldAgent,HOLD,0.0,0.0,Baseline hold,False
026eb64e,2026-06-22T12:56:47+00:00,GS,bull,BuffettAgent,BUY,0.9,0.1,Buffett screen passed (stable + trend + near-high),True
026eb64e,2026-06-22T12:56:47+00:00,GS,bull,CitadelAgent,BUY,0.8,0.12,Citadel v2: trend + momentum + volume,False
026eb64e,2026-06-22T12:56:47+00:00,GS,bull,MeanReversionAgent,HOLD,0.3,0.0,No mean reversion setup (RSI=61.7),False
026eb64e,2026-06-22T12:56:47+00:00,GS,bull,MacroAgent,BUY,0.6,0.08,Macro RISK ON: SPY=15.43% GLD=-6.35% TLT=2.25%,False
026eb64e,2026-06-22T12:56:47+00:00,GS,bull,TrendFollowingAgent,BUY,0.9,0.1,TrendFollow BUY: MAs alignées + ADX=40.7 + mom20=12.14%,False
026eb64e,2026-06-22T12:56:47+00:00,GS,bull,DividendArbitrageAgent,HOLD,0.2,0.0,DivArb: pas de setup,False
026eb64e,2026-06-22T12:56:47+00:00,GS,bull,PairsTradingAgent,HOLD,0.1,0.0,No pair defined for this symbol,False
026eb64e,2026-06-22T12:56:47+00:00,GS,bull,VolatilityAgent,HOLD,0.3,0.0,Vol HOLD: VIX=17.04 | z=-0.32 | mom5=-3.6%,False
026eb64e,2026-06-22T12:56:47+00:00,GS,bull,EarningsSentimentAgent,HOLD,0.1,0.0,EarningsSentiment: API error — TypeError,False
026eb64e,2026-06-22T12:56:49+00:00,GLD,bull,DummyHoldAgent,HOLD,0.0,0.0,Baseline hold,False
026eb64e,2026-06-22T12:56:49+00:00,GLD,bull,BuffettAgent,HOLD,0.55,0.0,Buffett screen not strong enough,False
026eb64e,2026-06-22T12:56:49+00:00,GLD,bull,CitadelAgent,HOLD,0.1,0.0,No Citadel momentum setup,False
026eb64e,2026-06-22T12:56:49+00:00,GLD,bull,MeanReversionAgent,HOLD,0.3,0.0,No mean reversion setup (RSI=32.6),False
026eb64e,2026-06-22T12:56:49+00:00,GLD,bull,MacroAgent,BUY,0.6,0.08,Macro RISK ON: SPY=15.43% GLD=-6.35% TLT=2.25%,False
026eb64e,2026-06-22T12:56:49+00:00,GLD,bull,TrendFollowingAgent,HOLD,0.3,0.0,"No trend setup (ADX=28.6, bull=False)",False
026eb64e,2026-06-22T12:56:49+00:00,GLD,bull,DividendArbitrageAgent,HOLD,0.2,0.0,No dividend data available,False
026eb64e,2026-06-22T12:56:49+00:00,GLD,bull,PairsTradingAgent,BUY,0.7686000000000001,0.08,PairsTrading BUY: GLD sous-évalué vs TLT | z=-2.37,True
026eb64e,2026-06-22T12:56:49+00:00,GLD,bull,VolatilityAgent,HOLD,0.3,0.0,Vol HOLD: VIX=17.04 | z=-0.32 | mom5=-3.6%,False
026eb64e,2026-06-22T12:56:49+00:00,GLD,bull,EarningsSentimentAgent,HOLD,0.1,0.0,EarningsSentiment: API error — TypeError,False
026eb64e,2026-06-22T12:56:51+00:00,TSLA,bull,DummyHoldAgent,HOLD,0.0,0.0,Baseline hold,False
026eb64e,2026-06-22T12:56:51+00:00,TSLA,bull,BuffettAgent,HOLD,0.55,0.0,Buffett screen not strong enough,False
026eb64e,2026-06-22T12:56:51+00:00,TSLA,bull,CitadelAgent,HOLD,0.1,0.0,No Citadel momentum setup,False
026eb64e,2026-06-22T12:56:51+00:00,TSLA,bull,MeanReversionAgent,HOLD,0.3,0.0,No mean reversion setup (RSI=38.6),False
026eb64e,2026-06-22T12:56:51+00:00,TSLA,bull,MacroAgent,BUY,0.6,0.08,Macro RISK ON: SPY=15.43% GLD=-6.35% TLT=2.25%,True
026eb64e,2026-06-22T12:56:51+00:00,TSLA,bull,TrendFollowingAgent,HOLD,0.3,0.0,"No trend setup (ADX=23.8, bull=False)",False
026eb64e,2026-06-22T12:56:51+00:00,TSLA,bull,DividendArbitrageAgent,HOLD,0.2,0.0,No dividend data available,False
026eb64e,2026-06-22T12:56:51+00:00,TSLA,bull,PairsTradingAgent,HOLD,0.1,0.0,No pair defined for this symbol,False
026eb64e,2026-06-22T12:56:51+00:00,TSLA,bull,VolatilityAgent,HOLD,0.3,0.0,Vol HOLD: VIX=17.04 | z=-0.32 | mom5=-3.6%,False
026eb64e,2026-06-22T12:56:51+00:00,TSLA,bull,EarningsSentimentAgent,HOLD,0.1,0.0,EarningsSentiment: API error — TypeError,False
026eb64e,2026-06-22T12:56:52+00:00,AMD,bull,DummyHoldAgent,HOLD,0.0,0.0,Baseline hold,False
026eb64e,2026-06-22T12:56:52+00:00,AMD,bull,BuffettAgent,BUY,0.7,0.1,Buffett screen passed (stable + trend + near-high),False
026eb64e,2026-06-22T12:56:52+00:00,AMD,bull,CitadelAgent,BUY,0.8,0.12,Citadel v2: trend + momentum + volume,True
026eb64e,2026-06-22T12:56:52+00:00,AMD,bull,MeanReversionAgent,HOLD,0.3,0.0,No mean reversion setup (RSI=53.1),False
026eb64e,2026-06-22T12:56:52+00:00,AMD,bull,MacroAgent,BUY,0.6,0.08,Macro RISK ON: SPY=15.43% GLD=-6.35% TLT=2.25%,False
026eb64e,2026-06-22T12:56:52+00:00,AMD,bull,TrendFollowingAgent,HOLD,0.3,0.0,"No trend setup (ADX=11.3, bull=True)",False
026eb64e,2026-06-22T12:56:52+00:00,AMD,bull,DividendArbitrageAgent,HOLD,0.2,0.0,DivArb: yield=0.000% trop faible,False
026eb64e,2026-06-22T12:56:52+00:00,AMD,bull,PairsTradingAgent,HOLD,0.1,0.0,No pair defined for this symbol,False
026eb64e,2026-06-22T12:56:52+00:00,AMD,bull,VolatilityAgent,HOLD,0.3,0.0,Vol HOLD: VIX=17.04 | z=-0.32 | mom5=-3.6%,False
026eb64e,2026-06-22T12:56:52+00:00,AMD,bull,EarningsSentimentAgent,HOLD,0.1,0.0,EarningsSentiment: API error — TypeError,False
026eb64e,2026-06-22T12:56:54+00:00,AMZN,bull,DummyHoldAgent,HOLD,0.0,0.0,Baseline hold,False
026eb64e,2026-06-22T12:56:54+00:00,AMZN,bull,BuffettAgent,BUY,0.9,0.1,Buffett screen passed (stable + trend + near-high),True
026eb64e,2026-06-22T12:56:54+00:00,AMZN,bull,CitadelAgent,HOLD,0.3,0.0,No Citadel momentum setup,False
026eb64e,2026-06-22T12:56:54+00:00,AMZN,bull,MeanReversionAgent,HOLD,0.3,0.0,No mean reversion setup (RSI=31.1),False
026eb64e,2026-06-22T12:56:54+00:00,AMZN,bull,MacroAgent,BUY,0.6,0.08,Macro RISK ON: SPY=15.43% GLD=-6.35% TLT=2.25%,False
026eb64e,2026-06-22T12:56:54+00:00,AMZN,bull,TrendFollowingAgent,HOLD,0.3,0.0,"No trend setup (ADX=49.6, bull=False)",False
026eb64e,2026-06-22T12:56:54+00:00,AMZN,bull,DividendArbitrageAgent,HOLD,0.2,0.0,No dividend data available,False
026eb64e,2026-06-22T12:56:54+00:00,AMZN,bull,PairsTradingAgent,HOLD,0.1,0.0,No pair defined for this symbol,False
026eb64e,2026-06-22T12:56:54+00:00,AMZN,bull,VolatilityAgent,HOLD,0.3,0.0,Vol HOLD: VIX=17.04 | z=-0.32 | mom5=-3.6%,False
026eb64e,2026-06-22T12:56:54+00:00,AMZN,bull,EarningsSentimentAgent,HOLD,0.1,0.0,EarningsSentiment: API error — TypeError,False
026eb64e,2026-06-22T12:56:56+00:00,LLY,bull,DummyHoldAgent,HOLD,0.0,0.0,Baseline hold,False
026eb64e,2026-06-22T12:56:56+00:00,LLY,bull,BuffettAgent,BUY,0.9,0.1,Buffett screen passed (stable + trend + near-high),False
026eb64e,2026-06-22T12:56:56+00:00,LLY,bull,CitadelAgent,BUY,0.8,0.12,Citadel v2: trend + momentum + volume,True
026eb64e,2026-06-22T12:56:56+00:00,LLY,bull,MeanReversionAgent,HOLD,0.3,0.0,No mean reversion setup (RSI=48.6),False
026eb64e,2026-06-22T12:56:56+00:00,LLY,bull,MacroAgent,BUY,0.6,0.08,Macro RISK ON: SPY=15.43% GLD=-6.35% TLT=2.25%,False
026eb64e,2026-06-22T12:56:56+00:00,LLY,bull,TrendFollowingAgent,HOLD,0.3,0.0,"No trend setup (ADX=48.8, bull=False)",False
026eb64e,2026-06-22T12:56:56+00:00,LLY,bull,DividendArbitrageAgent,HOLD,0.2,0.0,No dividend data available,False
026eb64e,2026-06-22T12:56:56+00:00,LLY,bull,PairsTradingAgent,HOLD,0.1,0.0,No pair defined for this symbol,False
026eb64e,2026-06-22T12:56:56+00:00,LLY,bull,VolatilityAgent,HOLD,0.3,0.0,Vol HOLD: VIX=17.04 | z=-0.32 | mom5=-3.6%,False
026eb64e,2026-06-22T12:56:56+00:00,LLY,bull,EarningsSentimentAgent,HOLD,0.1,0.0,EarningsSentiment: API error — TypeError,False
a44394e9,2026-06-24T12:57:28+00:00,AAPL,bull,DummyHoldAgent,HOLD,0.0,0.0,Baseline hold,False
a44394e9,2026-06-24T12:57:28+00:00,AAPL,bull,BuffettAgent,BUY,0.9,0.1,Buffett screen passed (stable + trend + near-high),True
a44394e9,2026-06-24T12:57:28+00:00,AAPL,bull,CitadelAgent,HOLD,0.3,0.0,No Citadel momentum setup,False
a44394e9,2026-06-24T12:57:28+00:00,AAPL,bull,MeanReversionAgent,HOLD,0.3,0.0,No mean reversion setup (RSI=30.4),False
a44394e9,2026-06-24T12:57:28+00:00,AAPL,bull,MacroAgent,BUY,0.6,0.08,Macro RISK ON: SPY=12.60% GLD=-6.63% TLT=1.39%,False
a44394e9,2026-06-24T12:57:28+00:00,AAPL,bull,TrendFollowingAgent,HOLD,0.3,0.0,"No trend setup (ADX=25.4, bull=False)",False
a44394e9,2026-06-24T12:57:28+00:00,AAPL,bull,DividendArbitrageAgent,HOLD,0.2,0.0,DivArb: yield=0.092% trop faible,False
a44394e9,2026-06-24T12:57:28+00:00,AAPL,bull,PairsTradingAgent,HOLD,0.3,0.0,PairsTrading HOLD: z-score=1.88 (seuil=2.0),False
a44394e9,2026-06-24T12:57:28+00:00,AAPL,bull,VolatilityAgent,HOLD,0.3,0.0,Vol HOLD: VIX=18.99 | z=0.27 | mom5=15.7%,False
a44394e9,2026-06-24T12:57:28+00:00,AAPL,bull,EarningsSentimentAgent,HOLD,0.1,0.0,EarningsSentiment: API error — TypeError,False
a44394e9,2026-06-24T12:57:29+00:00,SPY,bull,DummyHoldAgent,HOLD,0.0,0.0,Baseline hold,False
a44394e9,2026-06-24T12:57:29+00:00,SPY,bull,BuffettAgent,BUY,0.9,0.1,Buffett screen passed (stable + trend + near-high),True
a44394e9,2026-06-24T12:57:29+00:00,SPY,bull,CitadelAgent,HOLD,0.3,0.0,No Citadel momentum setup,False
a44394e9,2026-06-24T12:57:29+00:00,SPY,bull,MeanReversionAgent,HOLD,0.3,0.0,No mean reversion setup (RSI=38.8),False
a44394e9,2026-06-24T12:57:29+00:00,SPY,bull,MacroAgent,BUY,0.6,0.08,Macro RISK ON: SPY=12.60% GLD=-6.63% TLT=1.39%,False
a44394e9,2026-06-24T12:57:29+00:00,SPY,bull,TrendFollowingAgent,HOLD,0.3,0.0,"No trend setup (ADX=25.3, bull=False)",False
a44394e9,2026-06-24T12:57:29+00:00,SPY,bull,DividendArbitrageAgent,HOLD,0.2,0.0,No dividend data available,False
a44394e9,2026-06-24T12:57:29+00:00,SPY,bull,PairsTradingAgent,HOLD,0.3,0.0,PairsTrading HOLD: z-score=-0.89 (seuil=2.0),False
a44394e9,2026-06-24T12:57:29+00:00,SPY,bull,VolatilityAgent,HOLD,0.3,0.0,Vol HOLD: VIX=18.99 | z=0.27 | mom5=15.7%,False
a44394e9,2026-06-24T12:57:29+00:00,SPY,bull,EarningsSentimentAgent,HOLD,0.1,0.0,EarningsSentiment: API error — TypeError,False
a44394e9,2026-06-24T12:57:32+00:00,QQQ,bull,DummyHoldAgent,HOLD,0.0,0.0,Baseline hold,False
a44394e9,2026-06-24T12:57:32+00:00,QQQ,bull,BuffettAgent,BUY,0.9,0.1,Buffett screen passed (stable + trend + near-high),True
a44394e9,2026-06-24T12:57:32+00:00,QQQ,bull,CitadelAgent,HOLD,0.3,0.0,No Citadel momentum setup,False
a44394e9,2026-06-24T12:57:32+00:00,QQQ,bull,MeanReversionAgent,HOLD,0.3,0.0,No mean reversion setup (RSI=41.7),False
a44394e9,2026-06-24T12:57:32+00:00,QQQ,bull,MacroAgent,BUY,0.6,0.08,Macro RISK ON: SPY=12.60% GLD=-6.63% TLT=1.39%,False
a44394e9,2026-06-24T12:57:32+00:00,QQQ,bull,TrendFollowingAgent,HOLD,0.3,0.0,"No trend setup (ADX=20.5, bull=False)",False
a44394e9,2026-06-24T12:57:32+00:00,QQQ,bull,DividendArbitrageAgent,HOLD,0.2,0.0,No dividend data available,False
a44394e9,2026-06-24T12:57:32+00:00,QQQ,bull,PairsTradingAgent,HOLD,0.1,0.0,No pair defined for this symbol,False
a44394e9,2026-06-24T12:57:32+00:00,QQQ,bull,VolatilityAgent,HOLD,0.3,0.0,Vol HOLD: VIX=18.99 | z=0.27 | mom5=15.7%,False
a44394e9,2026-06-24T12:57:32+00:00,QQQ,bull,EarningsSentimentAgent,HOLD,0.1,0.0,EarningsSentiment: API error — TypeError,False
a44394e9,2026-06-24T12:57:34+00:00,NVDA,bull,DummyHoldAgent,HOLD,0.0,0.0,Baseline hold,False
a44394e9,2026-06-24T12:57:34+00:00,NVDA,bull,BuffettAgent,BUY,0.7,0.1,Buffett screen passed (stable + trend + near-high),True
a44394e9,2026-06-24T12:57:34+00:00,NVDA,bull,CitadelAgent,HOLD,0.3,0.0,No Citadel momentum setup,False
a44394e9,2026-06-24T12:57:34+00:00,NVDA,bull,MeanReversionAgent,HOLD,0.3,0.0,No mean reversion setup (RSI=34.8),False
a44394e9,2026-06-24T12:57:34+00:00,NVDA,bull,MacroAgent,BUY,0.6,0.08,Macro RISK ON: SPY=12.60% GLD=-6.63% TLT=1.39%,False
a44394e9,2026-06-24T12:57:34+00:00,NVDA,bull,TrendFollowingAgent,HOLD,0.3,0.0,"No trend setup (ADX=17.6, bull=False)",False
a44394e9,2026-06-24T12:57:34+00:00,NVDA,bull,DividendArbitrageAgent,HOLD,0.2,0.0,DivArb: yield=0.125% trop faible,False
a44394e9,2026-06-24T12:57:34+00:00,NVDA,bull,PairsTradingAgent,HOLD,0.1,0.0,No pair defined for this symbol,False
a44394e9,2026-06-24T12:57:34+00:00,NVDA,bull,VolatilityAgent,HOLD,0.3,0.0,Vol HOLD: VIX=18.99 | z=0.27 | mom5=15.7%,False
a44394e9,2026-06-24T12:57:34+00:00,NVDA,bull,EarningsSentimentAgent,HOLD,0.1,0.0,EarningsSentiment: API error — TypeError,False
a44394e9,2026-06-24T12:57:35+00:00,MSFT,bull,DummyHoldAgent,HOLD,0.0,0.0,Baseline hold,False
a44394e9,2026-06-24T12:57:35+00:00,MSFT,bull,BuffettAgent,HOLD,0.55,0.0,Buffett screen not strong enough,False
a44394e9,2026-06-24T12:57:35+00:00,MSFT,bull,CitadelAgent,HOLD,0.1,0.0,No Citadel momentum setup,False
a44394e9,2026-06-24T12:57:35+00:00,MSFT,bull,MeanReversionAgent,HOLD,0.3,0.0,No mean reversion setup (RSI=16.9),False
a44394e9,2026-06-24T12:57:35+00:00,MSFT,bull,MacroAgent,BUY,0.6,0.08,Macro RISK ON: SPY=12.60% GLD=-6.63% TLT=1.39%,True
a44394e9,2026-06-24T12:57:35+00:00,MSFT,bull,TrendFollowingAgent,HOLD,0.3,0.0,"No trend setup (ADX=29.9, bull=False)",False
a44394e9,2026-06-24T12:57:35+00:00,MSFT,bull,DividendArbitrageAgent,HOLD,0.2,0.0,DivArb: ex-date dans 57j (hors fenêtre),False
a44394e9,2026-06-24T12:57:35+00:00,MSFT,bull,PairsTradingAgent,HOLD,0.1,0.0,No pair defined for this symbol,False
a44394e9,2026-06-24T12:57:35+00:00,MSFT,bull,VolatilityAgent,HOLD,0.3,0.0,Vol HOLD: VIX=18.99 | z=0.27 | mom5=15.7%,False
a44394e9,2026-06-24T12:57:35+00:00,MSFT,bull,EarningsSentimentAgent,HOLD,0.1,0.0,EarningsSentiment: API error — TypeError,False
a44394e9,2026-06-24T12:57:37+00:00,GOOGL,bull,DummyHoldAgent,HOLD,0.0,0.0,Baseline hold,False
a44394e9,2026-06-24T12:57:37+00:00,GOOGL,bull,BuffettAgent,BUY,0.9,0.1,Buffett screen passed (stable + trend + near-high),True
a44394e9,2026-06-24T12:57:37+00:00,GOOGL,bull,CitadelAgent,HOLD,0.3,0.0,No Citadel momentum setup,False
a44394e9,2026-06-24T12:57:37+00:00,GOOGL,bull,MeanReversionAgent,HOLD,0.3,0.0,No mean reversion setup (RSI=41.0),False
a44394e9,2026-06-24T12:57:37+00:00,GOOGL,bull,MacroAgent,BUY,0.6,0.08,Macro RISK ON: SPY=12.60% GLD=-6.63% TLT=1.39%,False
a44394e9,2026-06-24T12:57:37+00:00,GOOGL,bull,TrendFollowingAgent,HOLD,0.3,0.0,"No trend setup (ADX=32.7, bull=False)",False
a44394e9,2026-06-24T12:57:37+00:00,GOOGL,bull,DividendArbitrageAgent,HOLD,0.2,0.0,DivArb: yield=0.064% trop faible,False
a44394e9,2026-06-24T12:57:37+00:00,GOOGL,bull,PairsTradingAgent,HOLD,0.1,0.0,No pair defined for this symbol,False
a44394e9,2026-06-24T12:57:37+00:00,GOOGL,bull,VolatilityAgent,HOLD,0.3,0.0,Vol HOLD: VIX=18.99 | z=0.27 | mom5=15.7%,False
a44394e9,2026-06-24T12:57:37+00:00,GOOGL,bull,EarningsSentimentAgent,HOLD,0.1,0.0,EarningsSentiment: API error — TypeError,False
a44394e9,2026-06-24T12:57:38+00:00,META,bull,DummyHoldAgent,HOLD,0.0,0.0,Baseline hold,False
a44394e9,2026-06-24T12:57:38+00:00,META,bull,BuffettAgent,HOLD,0.55,0.0,Buffett screen not strong enough,False
a44394e9,2026-06-24T12:57:38+00:00,META,bull,CitadelAgent,HOLD,0.1,0.0,No Citadel momentum setup,False
a44394e9,2026-06-24T12:57:38+00:00,META,bull,MeanReversionAgent,HOLD,0.3,0.0,No mean reversion setup (RSI=40.4),False
a44394e9,2026-06-24T12:57:38+00:00,META,bull,MacroAgent,BUY,0.6,0.08,Macro RISK ON: SPY=12.60% GLD=-6.63% TLT=1.39%,True
a44394e9,2026-06-24T12:57:38+00:00,META,bull,TrendFollowingAgent,HOLD,0.3,0.0,"No trend setup (ADX=12.5, bull=False)",False
a44394e9,2026-06-24T12:57:38+00:00,META,bull,DividendArbitrageAgent,HOLD,0.2,0.0,DivArb: yield=0.093% trop faible,False
a44394e9,2026-06-24T12:57:38+00:00,META,bull,PairsTradingAgent,HOLD,0.1,0.0,No pair defined for this symbol,False
a44394e9,2026-06-24T12:57:38+00:00,META,bull,VolatilityAgent,HOLD,0.3,0.0,Vol HOLD: VIX=18.99 | z=0.27 | mom5=15.7%,False
a44394e9,2026-06-24T12:57:38+00:00,META,bull,EarningsSentimentAgent,HOLD,0.1,0.0,EarningsSentiment: API error — TypeError,False
a44394e9,2026-06-24T12:57:40+00:00,JPM,bull,DummyHoldAgent,HOLD,0.0,0.0,Baseline hold,False
a44394e9,2026-06-24T12:57:40+00:00,JPM,bull,BuffettAgent,BUY,0.9,0.1,Buffett screen passed (stable + trend + near-high),True
a44394e9,2026-06-24T12:57:40+00:00,JPM,bull,CitadelAgent,HOLD,0.3,0.0,No Citadel momentum setup,False
a44394e9,2026-06-24T12:57:40+00:00,JPM,bull,MeanReversionAgent,HOLD,0.3,0.0,No mean reversion setup (RSI=76.7),False
a44394e9,2026-06-24T12:57:40+00:00,JPM,bull,MacroAgent,BUY,0.6,0.08,Macro RISK ON: SPY=12.60% GLD=-6.63% TLT=1.39%,False
a44394e9,2026-06-24T12:57:40+00:00,JPM,bull,TrendFollowingAgent,BUY,0.9,0.1,TrendFollow BUY: MAs alignées + ADX=44.6 + mom20=9.06%,False
a44394e9,2026-06-24T12:57:40+00:00,JPM,bull,DividendArbitrageAgent,HOLD,0.2,0.0,DivArb: ex-date dans 12j (hors fenêtre),False
a44394e9,2026-06-24T12:57:40+00:00,JPM,bull,PairsTradingAgent,HOLD,0.3,0.0,PairsTrading HOLD: z-score=-0.80 (seuil=2.0),False
a44394e9,2026-06-24T12:57:40+00:00,JPM,bull,VolatilityAgent,HOLD,0.3,0.0,Vol HOLD: VIX=18.99 | z=0.27 | mom5=15.7%,False
a44394e9,2026-06-24T12:57:40+00:00,JPM,bull,EarningsSentimentAgent,HOLD,0.1,0.0,EarningsSentiment: API error — TypeError,False
a44394e9,2026-06-24T12:57:42+00:00,GS,bull,DummyHoldAgent,HOLD,0.0,0.0,Baseline hold,False
a44394e9,2026-06-24T12:57:42+00:00,GS,bull,BuffettAgent,BUY,0.9,0.1,Buffett screen passed (stable + trend + near-high),True
a44394e9,2026-06-24T12:57:42+00:00,GS,bull,CitadelAgent,BUY,0.8,0.12,Citadel v2: trend + momentum + volume,False
a44394e9,2026-06-24T12:57:42+00:00,GS,bull,MeanReversionAgent,HOLD,0.3,0.0,No mean reversion setup (RSI=55.0),False
a44394e9,2026-06-24T12:57:42+00:00,GS,bull,MacroAgent,BUY,0.6,0.08,Macro RISK ON: SPY=12.60% GLD=-6.63% TLT=1.39%,False
a44394e9,2026-06-24T12:57:42+00:00,GS,bull,TrendFollowingAgent,BUY,0.9,0.1,TrendFollow BUY: MAs alignées + ADX=37.0 + mom20=10.29%,False
a44394e9,2026-06-24T12:57:42+00:00,GS,bull,DividendArbitrageAgent,HOLD,0.2,0.0,DivArb: pas de setup,False
a44394e9,2026-06-24T12:57:42+00:00,GS,bull,PairsTradingAgent,HOLD,0.1,0.0,No pair defined for this symbol,False
a44394e9,2026-06-24T12:57:42+00:00,GS,bull,VolatilityAgent,HOLD,0.3,0.0,Vol HOLD: VIX=18.99 | z=0.27 | mom5=15.7%,False
a44394e9,2026-06-24T12:57:42+00:00,GS,bull,EarningsSentimentAgent,HOLD,0.1,0.0,EarningsSentiment: API error — TypeError,False
a44394e9,2026-06-24T12:57:45+00:00,GLD,bull,DummyHoldAgent,HOLD,0.0,0.0,Baseline hold,False
a44394e9,2026-06-24T12:57:45+00:00,GLD,bull,BuffettAgent,HOLD,0.55,0.0,Buffett screen not strong enough,False
a44394e9,2026-06-24T12:57:45+00:00,GLD,bull,CitadelAgent,HOLD,0.1,0.0,No Citadel momentum setup,False
a44394e9,2026-06-24T12:57:45+00:00,GLD,bull,MeanReversionAgent,HOLD,0.3,0.0,No mean reversion setup (RSI=30.7),False
a44394e9,2026-06-24T12:57:45+00:00,GLD,bull,MacroAgent,BUY,0.6,0.08,Macro RISK ON: SPY=12.60% GLD=-6.63% TLT=1.39%,False
a44394e9,2026-06-24T12:57:45+00:00,GLD,bull,TrendFollowingAgent,HOLD,0.3,0.0,"No trend setup (ADX=29.1, bull=False)",False
a44394e9,2026-06-24T12:57:45+00:00,GLD,bull,DividendArbitrageAgent,HOLD,0.2,0.0,No dividend data available,False
a44394e9,2026-06-24T12:57:45+00:00,GLD,bull,PairsTradingAgent,BUY,0.77695,0.08,PairsTrading BUY: GLD sous-évalué vs TLT | z=-2.54,True
a44394e9,2026-06-24T12:57:45+00:00,GLD,bull,VolatilityAgent,HOLD,0.3,0.0,Vol HOLD: VIX=18.99 | z=0.27 | mom5=15.7%,False
a44394e9,2026-06-24T12:57:45+00:00,GLD,bull,EarningsSentimentAgent,HOLD,0.1,0.0,EarningsSentiment: API error — TypeError,False
a44394e9,2026-06-24T12:57:52+00:00,TSLA,bull,DummyHoldAgent,HOLD,0.0,0.0,Baseline hold,False
a44394e9,2026-06-24T12:57:52+00:00,TSLA,bull,BuffettAgent,HOLD,0.35,0.0,Buffett screen not strong enough,False
a44394e9,2026-06-24T12:57:52+00:00,TSLA,bull,CitadelAgent,HOLD,0.1,0.0,No Citadel momentum setup,False
a44394e9,2026-06-24T12:57:52+00:00,TSLA,bull,MeanReversionAgent,HOLD,0.3,0.0,No mean reversion setup (RSI=36.4),False
a44394e9,2026-06-24T12:57:52+00:00,TSLA,bull,MacroAgent,BUY,0.6,0.08,Macro RISK ON: SPY=12.60% GLD=-6.63% TLT=1.39%,True
a44394e9,2026-06-24T12:57:52+00:00,TSLA,bull,TrendFollowingAgent,HOLD,0.3,0.0,"No trend setup (ADX=24.1, bull=False)",False
a44394e9,2026-06-24T12:57:52+00:00,TSLA,bull,DividendArbitrageAgent,HOLD,0.2,0.0,No dividend data available,False
a44394e9,2026-06-24T12:57:52+00:00,TSLA,bull,PairsTradingAgent,HOLD,0.1,0.0,No pair defined for this symbol,False
a44394e9,2026-06-24T12:57:52+00:00,TSLA,bull,VolatilityAgent,HOLD,0.3,0.0,Vol HOLD: VIX=18.99 | z=0.27 | mom5=15.7%,False
a44394e9,2026-06-24T12:57:52+00:00,TSLA,bull,EarningsSentimentAgent,HOLD,0.1,0.0,EarningsSentiment: API error — TypeError,False
a44394e9,2026-06-24T12:57:56+00:00,AMD,bull,DummyHoldAgent,HOLD,0.0,0.0,Baseline hold,False
a44394e9,2026-06-24T12:57:56+00:00,AMD,bull,BuffettAgent,BUY,0.7,0.1,Buffett screen passed (stable + trend + near-high),False
a44394e9,2026-06-24T12:57:56+00:00,AMD,bull,CitadelAgent,BUY,0.8,0.12,Citadel v2: trend + momentum + volume,True
a44394e9,2026-06-24T12:57:56+00:00,AMD,bull,MeanReversionAgent,HOLD,0.3,0.0,No mean reversion setup (RSI=49.8),False
a44394e9,2026-06-24T12:57:56+00:00,AMD,bull,MacroAgent,BUY,0.6,0.08,Macro RISK ON: SPY=12.60% GLD=-6.63% TLT=1.39%,False
a44394e9,2026-06-24T12:57:56+00:00,AMD,bull,TrendFollowingAgent,HOLD,0.3,0.0,"No trend setup (ADX=9.6, bull=True)",False
a44394e9,2026-06-24T12:57:56+00:00,AMD,bull,DividendArbitrageAgent,HOLD,0.2,0.0,DivArb: yield=0.000% trop faible,False
a44394e9,2026-06-24T12:57:56+00:00,AMD,bull,PairsTradingAgent,HOLD,0.1,0.0,No pair defined for this symbol,False
a44394e9,2026-06-24T12:57:56+00:00,AMD,bull,VolatilityAgent,HOLD,0.3,0.0,Vol HOLD: VIX=18.99 | z=0.27 | mom5=15.7%,False
a44394e9,2026-06-24T12:57:56+00:00,AMD,bull,EarningsSentimentAgent,HOLD,0.1,0.0,EarningsSentiment: API error — TypeError,False
a44394e9,2026-06-24T12:57:57+00:00,AMZN,bull,DummyHoldAgent,HOLD,0.0,0.0,Baseline hold,False
a44394e9,2026-06-24T12:57:57+00:00,AMZN,bull,BuffettAgent,BUY,0.9,0.1,Buffett screen passed (stable + trend + near-high),True
a44394e9,2026-06-24T12:57:57+00:00,AMZN,bull,CitadelAgent,HOLD,0.3,0.0,No Citadel momentum setup,False
a44394e9,2026-06-24T12:57:57+00:00,AMZN,bull,MeanReversionAgent,HOLD,0.3,0.0,No mean reversion setup (RSI=33.6),False
a44394e9,2026-06-24T12:57:57+00:00,AMZN,bull,MacroAgent,BUY,0.6,0.08,Macro RISK ON: SPY=12.60% GLD=-6.63% TLT=1.39%,False
a44394e9,2026-06-24T12:57:57+00:00,AMZN,bull,TrendFollowingAgent,HOLD,0.3,0.0,"No trend setup (ADX=55.7, bull=False)",False
a44394e9,2026-06-24T12:57:57+00:00,AMZN,bull,DividendArbitrageAgent,HOLD,0.2,0.0,No dividend data available,False
a44394e9,2026-06-24T12:57:57+00:00,AMZN,bull,PairsTradingAgent,HOLD,0.1,0.0,No pair defined for this symbol,False
a44394e9,2026-06-24T12:57:57+00:00,AMZN,bull,VolatilityAgent,HOLD,0.3,0.0,Vol HOLD: VIX=18.99 | z=0.27 | mom5=15.7%,False
a44394e9,2026-06-24T12:57:57+00:00,AMZN,bull,EarningsSentimentAgent,HOLD,0.1,0.0,EarningsSentiment: API error — TypeError,False
a44394e9,2026-06-24T12:58:01+00:00,LLY,bull,DummyHoldAgent,HOLD,0.0,0.0,Baseline hold,False
a44394e9,2026-06-24T12:58:01+00:00,LLY,bull,BuffettAgent,BUY,0.9,0.1,Buffett screen passed (stable + trend + near-high),False
a44394e9,2026-06-24T12:58:01+00:00,LLY,bull,CitadelAgent,BUY,0.8,0.12,Citadel v2: trend + momentum + volume,True
a44394e9,2026-06-24T12:58:01+00:00,LLY,bull,MeanReversionAgent,HOLD,0.3,0.0,No mean reversion setup (RSI=61.1),False
a44394e9,2026-06-24T12:58:01+00:00,LLY,bull,MacroAgent,BUY,0.6,0.08,Macro RISK ON: SPY=12.60% GLD=-6.63% TLT=1.39%,False
a44394e9,2026-06-24T12:58:01+00:00,LLY,bull,TrendFollowingAgent,HOLD,0.3,0.0,"No trend setup (ADX=43.4, bull=False)",False
a44394e9,2026-06-24T12:58:01+00:00,LLY,bull,DividendArbitrageAgent,HOLD,0.2,0.0,DivArb: ex-date dans 51j (hors fenêtre),False
a44394e9,2026-06-24T12:58:01+00:00,LLY,bull,PairsTradingAgent,HOLD,0.1,0.0,No pair defined for this symbol,False
a44394e9,2026-06-24T12:58:01+00:00,LLY,bull,VolatilityAgent,HOLD,0.3,0.0,Vol HOLD: VIX=18.99 | z=0.27 | mom5=15.7%,False
a44394e9,2026-06-24T12:58:01+00:00,LLY,bull,EarningsSentimentAgent,HOLD,0.1,0.0,EarningsSentiment: API error — TypeError,False
99411ad5,2026-07-15T19:04:43+00:00,AAPL,bull,DummyHoldAgent,HOLD,0.0,0.0,Baseline hold,False
99411ad5,2026-07-15T19:04:43+00:00,AAPL,bull,BuffettAgent,BUY,0.9,0.1,Buffett screen passed (stable + trend + near-high),True
99411ad5,2026-07-15T19:04:43+00:00,AAPL,bull,CitadelAgent,HOLD,0.3,0.0,No Citadel momentum setup,False
99411ad5,2026-07-15T19:04:43+00:00,AAPL,bull,MeanReversionAgent,HOLD,0.3,0.0,No mean reversion setup (RSI=70.5),False
99411ad5,2026-07-15T19:04:43+00:00,AAPL,bull,MacroAgent,BUY,0.6,0.08,Macro RISK ON: SPY=7.95% GLD=-15.40% TLT=-1.77%,False
99411ad5,2026-07-15T19:04:43+00:00,AAPL,bull,TrendFollowingAgent,BUY,0.8,0.1,TrendFollow BUY: MAs alignées + ADX=25.7 + mom20=10.72%,False
99411ad5,2026-07-15T19:04:43+00:00,AAPL,bull,DividendArbitrageAgent,HOLD,0.2,0.0,No dividend data available,False
99411ad5,2026-07-15T19:04:43+00:00,AAPL,bull,PairsTradingAgent,HOLD,0.0,0.0,"PairsTrading: 0 robust cointegrated pairs (multi_window_check=True, min_score=2) — armed but at rest",False
99411ad5,2026-07-15T19:04:43+00:00,AAPL,bull,VolatilityAgent,HOLD,0.3,0.0,Vol HOLD: VIX=15.85 | z=-0.68 | mom5=-6.2%,False
99411ad5,2026-07-15T19:04:43+00:00,AAPL,bull,EarningsSentimentAgent,HOLD,0.1,0.0,EarningsSentiment: API error — TypeError,False
99411ad5,2026-07-15T19:04:45+00:00,SPY,bull,DummyHoldAgent,HOLD,0.0,0.0,Baseline hold,False
99411ad5,2026-07-15T19:04:45+00:00,SPY,bull,BuffettAgent,BUY,0.9,0.1,Buffett screen passed (stable + trend + near-high),True
99411ad5,2026-07-15T19:04:45+00:00,SPY,bull,CitadelAgent,HOLD,0.3,0.0,No Citadel momentum setup,False
99411ad5,2026-07-15T19:04:45+00:00,SPY,bull,MeanReversionAgent,HOLD,0.3,0.0,No mean reversion setup (RSI=67.5),False
99411ad5,2026-07-15T19:04:45+00:00,SPY,bull,MacroAgent,BUY,0.6,0.08,Macro RISK ON: SPY=7.94% GLD=-15.41% TLT=-1.77%,False
99411ad5,2026-07-15T19:04:45+00:00,SPY,bull,TrendFollowingAgent,HOLD,0.3,0.0,"No trend setup (ADX=23.1, bull=True)",False
99411ad5,2026-07-15T19:04:45+00:00,SPY,bull,DividendArbitrageAgent,HOLD,0.2,0.0,No dividend data available,False
99411ad5,2026-07-15T19:04:45+00:00,SPY,bull,PairsTradingAgent,HOLD,0.0,0.0,"PairsTrading: 0 robust cointegrated pairs (multi_window_check=True, min_score=2) — armed but at rest",False
99411ad5,2026-07-15T19:04:45+00:00,SPY,bull,VolatilityAgent,HOLD,0.3,0.0,Vol HOLD: VIX=15.85 | z=-0.68 | mom5=-6.2%,False
99411ad5,2026-07-15T19:04:45+00:00,SPY,bull,EarningsSentimentAgent,HOLD,0.1,0.0,EarningsSentiment: API error — TypeError,False
99411ad5,2026-07-15T19:04:46+00:00,QQQ,bull,DummyHoldAgent,HOLD,0.0,0.0,Baseline hold,False
99411ad5,2026-07-15T19:04:46+00:00,QQQ,bull,BuffettAgent,BUY,0.9,0.1,Buffett screen passed (stable + trend + near-high),True
99411ad5,2026-07-15T19:04:46+00:00,QQQ,bull,CitadelAgent,HOLD,0.3,0.0,No Citadel momentum setup,False
99411ad5,2026-07-15T19:04:46+00:00,QQQ,bull,MeanReversionAgent,HOLD,0.3,0.0,No mean reversion setup (RSI=52.2),False
99411ad5,2026-07-15T19:04:46+00:00,QQQ,bull,MacroAgent,BUY,0.6,0.08,Macro RISK ON: SPY=7.95% GLD=-15.41% TLT=-1.77%,False
99411ad5,2026-07-15T19:04:46+00:00,QQQ,bull,TrendFollowingAgent,HOLD,0.3,0.0,"No trend setup (ADX=16.3, bull=False)",False
99411ad5,2026-07-15T19:04:46+00:00,QQQ,bull,DividendArbitrageAgent,HOLD,0.2,0.0,No dividend data available,False
99411ad5,2026-07-15T19:04:46+00:00,QQQ,bull,PairsTradingAgent,HOLD,0.0,0.0,"PairsTrading: 0 robust cointegrated pairs (multi_window_check=True, min_score=2) — armed but at rest",False
99411ad5,2026-07-15T19:04:46+00:00,QQQ,bull,VolatilityAgent,HOLD,0.3,0.0,Vol HOLD: VIX=15.85 | z=-0.68 | mom5=-6.2%,False
99411ad5,2026-07-15T19:04:46+00:00,QQQ,bull,EarningsSentimentAgent,HOLD,0.1,0.0,EarningsSentiment: API error — TypeError,False
99411ad5,2026-07-15T19:04:47+00:00,NVDA,bull,DummyHoldAgent,HOLD,0.0,0.0,Baseline hold,False
99411ad5,2026-07-15T19:04:47+00:00,NVDA,bull,BuffettAgent,BUY,0.9,0.1,Buffett screen passed (stable + trend + near-high),True
99411ad5,2026-07-15T19:04:47+00:00,NVDA,bull,CitadelAgent,HOLD,0.3,0.0,No Citadel momentum setup,False
99411ad5,2026-07-15T19:04:47+00:00,NVDA,bull,MeanReversionAgent,HOLD,0.3,0.0,No mean reversion setup (RSI=61.5),False
99411ad5,2026-07-15T19:04:47+00:00,NVDA,bull,MacroAgent,BUY,0.6,0.08,Macro RISK ON: SPY=7.95% GLD=-15.41% TLT=-1.77%,False
99411ad5,2026-07-15T19:04:47+00:00,NVDA,bull,TrendFollowingAgent,HOLD,0.3,0.0,"No trend setup (ADX=24.5, bull=False)",False
99411ad5,2026-07-15T19:04:47+00:00,NVDA,bull,DividendArbitrageAgent,HOLD,0.2,0.0,No dividend data available,False
99411ad5,2026-07-15T19:04:47+00:00,NVDA,bull,PairsTradingAgent,HOLD,0.0,0.0,"PairsTrading: 0 robust cointegrated pairs (multi_window_check=True, min_score=2) — armed but at rest",False
99411ad5,2026-07-15T19:04:47+00:00,NVDA,bull,VolatilityAgent,HOLD,0.3,0.0,Vol HOLD: VIX=15.85 | z=-0.68 | mom5=-6.2%,False
99411ad5,2026-07-15T19:04:47+00:00,NVDA,bull,EarningsSentimentAgent,HOLD,0.1,0.0,EarningsSentiment: API error — TypeError,False
99411ad5,2026-07-15T19:04:49+00:00,MSFT,bull,DummyHoldAgent,HOLD,0.0,0.0,Baseline hold,False
99411ad5,2026-07-15T19:04:49+00:00,MSFT,bull,BuffettAgent,HOLD,0.55,0.0,Buffett screen not strong enough,False
99411ad5,2026-07-15T19:04:49+00:00,MSFT,bull,CitadelAgent,HOLD,0.1,0.0,No Citadel momentum setup,False
99411ad5,2026-07-15T19:04:49+00:00,MSFT,bull,MeanReversionAgent,HOLD,0.3,0.0,No mean reversion setup (RSI=65.9),False
99411ad5,2026-07-15T19:04:49+00:00,MSFT,bull,MacroAgent,BUY,0.6,0.08,Macro RISK ON: SPY=7.95% GLD=-15.41% TLT=-1.77%,True
99411ad5,2026-07-15T19:04:49+00:00,MSFT,bull,TrendFollowingAgent,HOLD,0.3,0.0,"No trend setup (ADX=22.4, bull=False)",False
99411ad5,2026-07-15T19:04:49+00:00,MSFT,bull,DividendArbitrageAgent,HOLD,0.2,0.0,J-36: hors fenêtre (max J-7),False
99411ad5,2026-07-15T19:04:49+00:00,MSFT,bull,PairsTradingAgent,HOLD,0.0,0.0,"PairsTrading: 0 robust cointegrated pairs (multi_window_check=True, min_score=2) — armed but at rest",False
99411ad5,2026-07-15T19:04:49+00:00,MSFT,bull,VolatilityAgent,HOLD,0.3,0.0,Vol HOLD: VIX=15.85 | z=-0.68 | mom5=-6.2%,False
99411ad5,2026-07-15T19:04:49+00:00,MSFT,bull,EarningsSentimentAgent,HOLD,0.1,0.0,EarningsSentiment: API error — TypeError,False
99411ad5,2026-07-15T19:04:51+00:00,GOOGL,bull,DummyHoldAgent,HOLD,0.0,0.0,Baseline hold,False
99411ad5,2026-07-15T19:04:51+00:00,GOOGL,bull,BuffettAgent,BUY,0.9,0.1,Buffett screen passed (stable + trend + near-high),True
99411ad5,2026-07-15T19:04:51+00:00,GOOGL,bull,CitadelAgent,HOLD,0.3,0.0,No Citadel momentum setup,False
99411ad5,2026-07-15T19:04:51+00:00,GOOGL,bull,MeanReversionAgent,HOLD,0.3,0.0,No mean reversion setup (RSI=67.4),False
99411ad5,2026-07-15T19:04:51+00:00,GOOGL,bull,MacroAgent,BUY,0.6,0.08,Macro RISK ON: SPY=7.95% GLD=-15.42% TLT=-1.77%,False
99411ad5,2026-07-15T19:04:51+00:00,GOOGL,bull,TrendFollowingAgent,HOLD,0.3,0.0,"No trend setup (ADX=15.4, bull=False)",False
99411ad5,2026-07-15T19:04:51+00:00,GOOGL,bull,DividendArbitrageAgent,HOLD,0.2,0.0,No dividend data available,False
99411ad5,2026-07-15T19:04:51+00:00,GOOGL,bull,PairsTradingAgent,HOLD,0.0,0.0,"PairsTrading: 0 robust cointegrated pairs (multi_window_check=True, min_score=2) — armed but at rest",False
99411ad5,2026-07-15T19:04:51+00:00,GOOGL,bull,VolatilityAgent,HOLD,0.3,0.0,Vol HOLD: VIX=15.85 | z=-0.68 | mom5=-6.2%,False
99411ad5,2026-07-15T19:04:51+00:00,GOOGL,bull,EarningsSentimentAgent,HOLD,0.1,0.0,EarningsSentiment: API error — TypeError,False
99411ad5,2026-07-15T19:04:52+00:00,META,bull,DummyHoldAgent,HOLD,0.0,0.0,Baseline hold,False
99411ad5,2026-07-15T19:04:52+00:00,META,bull,BuffettAgent,BUY,0.7,0.1,Buffett screen passed (stable + trend + near-high),True
99411ad5,2026-07-15T19:04:52+00:00,META,bull,CitadelAgent,HOLD,0.1,0.0,No Citadel momentum setup,False
99411ad5,2026-07-15T19:04:52+00:00,META,bull,MeanReversionAgent,HOLD,0.3,0.0,No mean reversion setup (RSI=73.1),False
99411ad5,2026-07-15T19:04:52+00:00,META,bull,MacroAgent,BUY,0.6,0.08,Macro RISK ON: SPY=7.95% GLD=-15.41% TLT=-1.77%,False
99411ad5,2026-07-15T19:04:52+00:00,META,bull,TrendFollowingAgent,HOLD,0.3,0.0,"No trend setup (ADX=27.8, bull=False)",False
99411ad5,2026-07-15T19:04:52+00:00,META,bull,DividendArbitrageAgent,HOLD,0.2,0.0,No dividend data available,False
99411ad5,2026-07-15T19:04:52+00:00,META,bull,PairsTradingAgent,HOLD,0.0,0.0,"PairsTrading: 0 robust cointegrated pairs (multi_window_check=True, min_score=2) — armed but at rest",False
99411ad5,2026-07-15T19:04:52+00:00,META,bull,VolatilityAgent,HOLD,0.3,0.0,Vol HOLD: VIX=15.85 | z=-0.68 | mom5=-6.2%,False
99411ad5,2026-07-15T19:04:52+00:00,META,bull,EarningsSentimentAgent,HOLD,0.1,0.0,EarningsSentiment: API error — TypeError,False
99411ad5,2026-07-15T19:04:54+00:00,JPM,bull,DummyHoldAgent,HOLD,0.0,0.0,Baseline hold,False
99411ad5,2026-07-15T19:04:54+00:00,JPM,bull,BuffettAgent,BUY,0.9,0.1,Buffett screen passed (stable + trend + near-high),True
99411ad5,2026-07-15T19:04:54+00:00,JPM,bull,CitadelAgent,HOLD,0.3,0.0,No Citadel momentum setup,False
99411ad5,2026-07-15T19:04:54+00:00,JPM,bull,MeanReversionAgent,HOLD,0.3,0.0,No mean reversion setup (RSI=63.9),False
99411ad5,2026-07-15T19:04:54+00:00,JPM,bull,MacroAgent,BUY,0.6,0.08,Macro RISK ON: SPY=7.95% GLD=-15.42% TLT=-1.77%,False
99411ad5,2026-07-15T19:04:54+00:00,JPM,bull,TrendFollowingAgent,BUY,0.8,0.1,TrendFollow BUY: MAs alignées + ADX=28.6 + mom20=8.90%,False
99411ad5,2026-07-15T19:04:54+00:00,JPM,bull,DividendArbitrageAgent,HOLD,0.2,0.0,No dividend data available,False
99411ad5,2026-07-15T19:04:54+00:00,JPM,bull,PairsTradingAgent,HOLD,0.0,0.0,"PairsTrading: 0 robust cointegrated pairs (multi_window_check=True, min_score=2) — armed but at rest",False
99411ad5,2026-07-15T19:04:54+00:00,JPM,bull,VolatilityAgent,HOLD,0.3,0.0,Vol HOLD: VIX=15.85 | z=-0.68 | mom5=-6.2%,False
99411ad5,2026-07-15T19:04:54+00:00,JPM,bull,EarningsSentimentAgent,HOLD,0.1,0.0,EarningsSentiment: API error — TypeError,False
99411ad5,2026-07-15T19:04:55+00:00,GS,bull,DummyHoldAgent,HOLD,0.0,0.0,Baseline hold,False
99411ad5,2026-07-15T19:04:55+00:00,GS,bull,BuffettAgent,BUY,0.9,0.1,Buffett screen passed (stable + trend + near-high),True
99411ad5,2026-07-15T19:04:55+00:00,GS,bull,CitadelAgent,BUY,0.9,0.12,Citadel v2: trend + momentum + volume,False
99411ad5,2026-07-15T19:04:55+00:00,GS,bull,MeanReversionAgent,HOLD,0.3,0.0,No mean reversion setup (RSI=62.5),False
99411ad5,2026-07-15T19:04:55+00:00,GS,bull,MacroAgent,BUY,0.6,0.08,Macro RISK ON: SPY=7.95% GLD=-15.42% TLT=-1.77%,False
99411ad5,2026-07-15T19:04:55+00:00,GS,bull,TrendFollowingAgent,HOLD,0.3,0.0,"No trend setup (ADX=14.6, bull=True)",False
99411ad5,2026-07-15T19:04:55+00:00,GS,bull,DividendArbitrageAgent,HOLD,0.2,0.0,No dividend data available,False
99411ad5,2026-07-15T19:04:55+00:00,GS,bull,PairsTradingAgent,HOLD,0.0,0.0,"PairsTrading: 0 robust cointegrated pairs (multi_window_check=True, min_score=2) — armed but at rest",False
99411ad5,2026-07-15T19:04:55+00:00,GS,bull,VolatilityAgent,HOLD,0.3,0.0,Vol HOLD: VIX=15.85 | z=-0.68 | mom5=-6.2%,False
99411ad5,2026-07-15T19:04:55+00:00,GS,bull,EarningsSentimentAgent,HOLD,0.1,0.0,EarningsSentiment: API error — TypeError,False
99411ad5,2026-07-15T19:04:57+00:00,GLD,bull,DummyHoldAgent,HOLD,0.0,0.0,Baseline hold,False
99411ad5,2026-07-15T19:04:57+00:00,GLD,bull,BuffettAgent,HOLD,0.55,0.0,Buffett screen not strong enough,False
99411ad5,2026-07-15T19:04:57+00:00,GLD,bull,CitadelAgent,HOLD,0.1,0.0,No Citadel momentum setup,False
99411ad5,2026-07-15T19:04:57+00:00,GLD,bull,MeanReversionAgent,HOLD,0.3,0.0,No mean reversion setup (RSI=56.1),False
99411ad5,2026-07-15T19:04:57+00:00,GLD,bull,MacroAgent,BUY,0.6,0.08,Macro RISK ON: SPY=7.95% GLD=-15.42% TLT=-1.77%,True
99411ad5,2026-07-15T19:04:57+00:00,GLD,bull,TrendFollowingAgent,HOLD,0.3,0.0,"No trend setup (ADX=27.4, bull=False)",False
99411ad5,2026-07-15T19:04:57+00:00,GLD,bull,DividendArbitrageAgent,HOLD,0.2,0.0,No dividend data available,False
99411ad5,2026-07-15T19:04:57+00:00,GLD,bull,PairsTradingAgent,HOLD,0.0,0.0,"PairsTrading: 0 robust cointegrated pairs (multi_window_check=True, min_score=2) — armed but at rest",False
99411ad5,2026-07-15T19:04:57+00:00,GLD,bull,VolatilityAgent,HOLD,0.3,0.0,Vol HOLD: VIX=15.85 | z=-0.68 | mom5=-6.2%,False
99411ad5,2026-07-15T19:04:57+00:00,GLD,bull,EarningsSentimentAgent,HOLD,0.1,0.0,EarningsSentiment: API error — TypeError,False
99411ad5,2026-07-15T19:04:59+00:00,TSLA,bull,DummyHoldAgent,HOLD,0.0,0.0,Baseline hold,False
99411ad5,2026-07-15T19:04:59+00:00,TSLA,bull,BuffettAgent,HOLD,0.35,0.0,Buffett screen not strong enough,False
99411ad5,2026-07-15T19:04:59+00:00,TSLA,bull,CitadelAgent,HOLD,0.1,0.0,No Citadel momentum setup,False
99411ad5,2026-07-15T19:04:59+00:00,TSLA,bull,MeanReversionAgent,HOLD,0.3,0.0,No mean reversion setup (RSI=56.2),False
99411ad5,2026-07-15T19:04:59+00:00,TSLA,bull,MacroAgent,BUY,0.6,0.08,Macro RISK ON: SPY=7.95% GLD=-15.42% TLT=-1.77%,True
99411ad5,2026-07-15T19:04:59+00:00,TSLA,bull,TrendFollowingAgent,HOLD,0.3,0.0,"No trend setup (ADX=11.6, bull=False)",False
99411ad5,2026-07-15T19:04:59+00:00,TSLA,bull,DividendArbitrageAgent,HOLD,0.2,0.0,No dividend data available,False
99411ad5,2026-07-15T19:04:59+00:00,TSLA,bull,PairsTradingAgent,HOLD,0.0,0.0,"PairsTrading: 0 robust cointegrated pairs (multi_window_check=True, min_score=2) — armed but at rest",False
99411ad5,2026-07-15T19:04:59+00:00,TSLA,bull,VolatilityAgent,HOLD,0.3,0.0,Vol HOLD: VIX=15.85 | z=-0.68 | mom5=-6.2%,False
99411ad5,2026-07-15T19:04:59+00:00,TSLA,bull,EarningsSentimentAgent,HOLD,0.1,0.0,EarningsSentiment: API error — TypeError,False
99411ad5,2026-07-15T19:05:00+00:00,AMD,bull,DummyHoldAgent,HOLD,0.0,0.0,Baseline hold,False
99411ad5,2026-07-15T19:05:00+00:00,AMD,bull,BuffettAgent,BUY,0.7,0.1,Buffett screen passed (stable + trend + near-high),True
99411ad5,2026-07-15T19:05:00+00:00,AMD,bull,CitadelAgent,HOLD,0.3,0.0,No Citadel momentum setup,False
99411ad5,2026-07-15T19:05:00+00:00,AMD,bull,MeanReversionAgent,HOLD,0.3,0.0,No mean reversion setup (RSI=51.3),False
99411ad5,2026-07-15T19:05:00+00:00,AMD,bull,MacroAgent,BUY,0.6,0.08,Macro RISK ON: SPY=7.95% GLD=-15.42% TLT=-1.77%,False
99411ad5,2026-07-15T19:05:00+00:00,AMD,bull,TrendFollowingAgent,HOLD,0.3,0.0,"No trend setup (ADX=21.3, bull=False)",False
99411ad5,2026-07-15T19:05:00+00:00,AMD,bull,DividendArbitrageAgent,HOLD,0.2,0.0,No dividend data available,False
99411ad5,2026-07-15T19:05:00+00:00,AMD,bull,PairsTradingAgent,HOLD,0.0,0.0,"PairsTrading: 0 robust cointegrated pairs (multi_window_check=True, min_score=2) — armed but at rest",False
99411ad5,2026-07-15T19:05:00+00:00,AMD,bull,VolatilityAgent,HOLD,0.3,0.0,Vol HOLD: VIX=15.85 | z=-0.68 | mom5=-6.2%,False
99411ad5,2026-07-15T19:05:00+00:00,AMD,bull,EarningsSentimentAgent,HOLD,0.1,0.0,EarningsSentiment: API error — TypeError,False
99411ad5,2026-07-15T19:05:01+00:00,AMZN,bull,DummyHoldAgent,HOLD,0.0,0.0,Baseline hold,False
99411ad5,2026-07-15T19:05:01+00:00,AMZN,bull,BuffettAgent,BUY,0.9,0.1,Buffett screen passed (stable + trend + near-high),True
99411ad5,2026-07-15T19:05:01+00:00,AMZN,bull,CitadelAgent,HOLD,0.3,0.0,No Citadel momentum setup,False
99411ad5,2026-07-15T19:05:01+00:00,AMZN,bull,MeanReversionAgent,HOLD,0.3,0.0,No mean reversion setup (RSI=71.8),False
99411ad5,2026-07-15T19:05:01+00:00,AMZN,bull,MacroAgent,BUY,0.6,0.08,Macro RISK ON: SPY=7.95% GLD=-15.42% TLT=-1.77%,False
99411ad5,2026-07-15T19:05:01+00:00,AMZN,bull,TrendFollowingAgent,HOLD,0.3,0.0,"No trend setup (ADX=25.5, bull=False)",False
99411ad5,2026-07-15T19:05:01+00:00,AMZN,bull,DividendArbitrageAgent,HOLD,0.2,0.0,No dividend data available,False
99411ad5,2026-07-15T19:05:01+00:00,AMZN,bull,PairsTradingAgent,HOLD,0.0,0.0,"PairsTrading: 0 robust cointegrated pairs (multi_window_check=True, min_score=2) — armed but at rest",False
99411ad5,2026-07-15T19:05:01+00:00,AMZN,bull,VolatilityAgent,HOLD,0.3,0.0,Vol HOLD: VIX=15.85 | z=-0.68 | mom5=-6.2%,False
99411ad5,2026-07-15T19:05:01+00:00,AMZN,bull,EarningsSentimentAgent,HOLD,0.1,0.0,EarningsSentiment: API error — TypeError,False
99411ad5,2026-07-15T19:05:03+00:00,LLY,bull,DummyHoldAgent,HOLD,0.0,0.0,Baseline hold,False
99411ad5,2026-07-15T19:05:03+00:00,LLY,bull,BuffettAgent,BUY,0.9,0.1,Buffett screen passed (stable + trend + near-high),True
99411ad5,2026-07-15T19:05:03+00:00,LLY,bull,CitadelAgent,HOLD,0.3,0.0,No Citadel momentum setup,False
99411ad5,2026-07-15T19:05:03+00:00,LLY,bull,MeanReversionAgent,HOLD,0.3,0.0,No mean reversion setup (RSI=56.4),False
99411ad5,2026-07-15T19:05:03+00:00,LLY,bull,MacroAgent,BUY,0.6,0.08,Macro RISK ON: SPY=7.95% GLD=-15.42% TLT=-1.77%,False
99411ad5,2026-07-15T19:05:03+00:00,LLY,bull,TrendFollowingAgent,HOLD,0.3,0.0,"No trend setup (ADX=23.5, bull=False)",False
99411ad5,2026-07-15T19:05:03+00:00,LLY,bull,DividendArbitrageAgent,HOLD,0.2,0.0,J-30: hors fenêtre (max J-7),False
99411ad5,2026-07-15T19:05:03+00:00,LLY,bull,PairsTradingAgent,HOLD,0.0,0.0,"PairsTrading: 0 robust cointegrated pairs (multi_window_check=True, min_score=2) — armed but at rest",False
99411ad5,2026-07-15T19:05:03+00:00,LLY,bull,VolatilityAgent,HOLD,0.3,0.0,Vol HOLD: VIX=15.85 | z=-0.68 | mom5=-6.2%,False
99411ad5,2026-07-15T19:05:03+00:00,LLY,bull,EarningsSentimentAgent,HOLD,0.1,0.0,EarningsSentiment: API error — TypeError,False
8b9c1634,2026-07-23T17:51:18+00:00,AAPL,choppy,DummyHoldAgent,HOLD,0.0,0.0,Baseline hold,False
8b9c1634,2026-07-23T17:51:18+00:00,AAPL,choppy,BuffettAgent,BUY,0.9,0.1,Buffett screen passed (stable + trend + near-high),True
8b9c1634,2026-07-23T17:51:18+00:00,AAPL,choppy,CitadelAgent,HOLD,0.3,0.0,No Citadel momentum setup,False
8b9c1634,2026-07-23T17:51:18+00:00,AAPL,choppy,MeanReversionAgent,SELL,0.82,0.0,MeanRev EXIT: prix revenu à SMA20=337.44 (target atteint),False
8b9c1634,2026-07-23T17:51:18+00:00,AAPL,choppy,MacroAgent,HOLD,0.4,0.0,Macro MIXED: risk_on=3 risk_off=0,False
8b9c1634,2026-07-23T17:51:18+00:00,AAPL,choppy,TrendFollowingAgent,HOLD,0.3,0.0,"No trend setup (ADX=11.5, bull=True)",False
8b9c1634,2026-07-23T17:51:18+00:00,AAPL,choppy,DividendArbitrageAgent,HOLD,0.2,0.0,"DivArb: position ouverte, en attente ex-date",False
8b9c1634,2026-07-23T17:51:18+00:00,AAPL,choppy,PairsTradingAgent,HOLD,0.0,0.0,"PairsTrading: 0 robust cointegrated pairs (multi_window_check=True, min_score=2) — armed but at rest",False
8b9c1634,2026-07-23T17:51:18+00:00,AAPL,choppy,VolatilityAgent,HOLD,0.3,0.0,Vol HOLD: VIX=19.5 | z=0.42 | mom5=16.6%,False
8b9c1634,2026-07-23T17:51:18+00:00,AAPL,choppy,EarningsSentimentAgent,HOLD,0.58,0.0,Mixed signals with positive earnings growth narrative offset by choppy market regime and lack of specific catalysts,False
8b9c1634,2026-07-23T17:51:18+00:00,AAPL,choppy,InsiderBuyAgent,HOLD,0.0,0.0,InsiderBuy: 0/2 insiders ($0) — threshold not met,False
8b9c1634,2026-07-23T17:51:18+00:00,AAPL,choppy,CrossSectionalMomentumAgent,HOLD,0.0,0.0,Momentum: rang 9/13 (score=+15.83%) — hors top 4,False
8b9c1634,2026-07-23T17:51:21+00:00,SPY,choppy,DummyHoldAgent,HOLD,0.0,0.0,Baseline hold,False
8b9c1634,2026-07-23T17:51:21+00:00,SPY,choppy,BuffettAgent,BUY,0.9,0.1,Buffett screen passed (stable + trend + near-high),True
8b9c1634,2026-07-23T17:51:21+00:00,SPY,choppy,CitadelAgent,HOLD,0.3,0.0,No Citadel momentum setup,False
8b9c1634,2026-07-23T17:51:21+00:00,SPY,choppy,MeanReversionAgent,HOLD,0.3,0.0,No mean reversion setup (RSI=62.6),False
8b9c1634,2026-07-23T17:51:21+00:00,SPY,choppy,MacroAgent,HOLD,0.4,0.0,Macro MIXED: risk_on=3 risk_off=0,False
8b9c1634,2026-07-23T17:51:21+00:00,SPY,choppy,TrendFollowingAgent,BUY,0.9,0.1,TrendFollow BUY: MAs alignées + ADX=36.3 + mom20=9.66%,False
8b9c1634,2026-07-23T17:51:21+00:00,SPY,choppy,DividendArbitrageAgent,HOLD,0.2,0.0,No dividend data available,False
8b9c1634,2026-07-23T17:51:21+00:00,SPY,choppy,PairsTradingAgent,HOLD,0.0,0.0,"PairsTrading: 0 robust cointegrated pairs (multi_window_check=True, min_score=2) — armed but at rest",False
8b9c1634,2026-07-23T17:51:21+00:00,SPY,choppy,VolatilityAgent,HOLD,0.3,0.0,Vol HOLD: VIX=19.5 | z=0.42 | mom5=16.6%,False
8b9c1634,2026-07-23T17:51:21+00:00,SPY,choppy,EarningsSentimentAgent,HOLD,0.58,0.0,Mixed signals with tech sector weakness offset by AI spending growth in choppy regime,False
8b9c1634,2026-07-23T17:51:21+00:00,SPY,choppy,InsiderBuyAgent,HOLD,0.0,0.0,InsiderBuy: 0/2 insiders ($0) — threshold not met,False
8b9c1634,2026-07-23T17:51:21+00:00,SPY,choppy,CrossSectionalMomentumAgent,HOLD,0.0,0.0,Momentum: rang 6/13 (score=+24.15%) — hors top 4,False
8b9c1634,2026-07-23T17:51:24+00:00,QQQ,choppy,DummyHoldAgent,HOLD,0.0,0.0,Baseline hold,False
8b9c1634,2026-07-23T17:51:24+00:00,QQQ,choppy,BuffettAgent,BUY,0.9,0.1,Buffett screen passed (stable + trend + near-high),True
8b9c1634,2026-07-23T17:51:24+00:00,QQQ,choppy,CitadelAgent,HOLD,0.3,0.0,No Citadel momentum setup,False
8b9c1634,2026-07-23T17:51:24+00:00,QQQ,choppy,MeanReversionAgent,HOLD,0.3,0.0,No mean reversion setup (RSI=64.2),False
8b9c1634,2026-07-23T17:51:24+00:00,QQQ,choppy,MacroAgent,HOLD,0.4,0.0,Macro MIXED: risk_on=3 risk_off=0,False
8b9c1634,2026-07-23T17:51:24+00:00,QQQ,choppy,TrendFollowingAgent,HOLD,0.3,0.0,"No trend setup (ADX=11.5, bull=True)",False
8b9c1634,2026-07-23T17:51:24+00:00,QQQ,choppy,DividendArbitrageAgent,HOLD,0.2,0.0,No dividend data available,False
8b9c1634,2026-07-23T17:51:24+00:00,QQQ,choppy,PairsTradingAgent,HOLD,0.0,0.0,"PairsTrading: 0 robust cointegrated pairs (multi_window_check=True, min_score=2) — armed but at rest",False
8b9c1634,2026-07-23T17:51:24+00:00,QQQ,choppy,VolatilityAgent,HOLD,0.3,0.0,Vol HOLD: VIX=19.5 | z=0.42 | mom5=16.6%,False
8b9c1634,2026-07-23T17:51:24+00:00,QQQ,choppy,EarningsSentimentAgent,SELL,0.72,0.0,"Converging headwinds: unsustainable AI capex burn, credit market warnings on Big Tech spending, insider selling, and rising Treasury yields pressuring valuations",False
8b9c1634,2026-07-23T17:51:24+00:00,QQQ,choppy,InsiderBuyAgent,HOLD,0.0,0.0,InsiderBuy: 0/2 insiders ($0) — threshold not met,False
8b9c1634,2026-07-23T17:51:24+00:00,QQQ,choppy,CrossSectionalMomentumAgent,HOLD,0.0,0.0,Momentum: rang 10/13 (score=+15.83%) — hors top 4,False
8b9c1634,2026-07-23T17:51:34+00:00,NVDA,choppy,DummyHoldAgent,HOLD,0.0,0.0,Baseline hold,False
8b9c1634,2026-07-23T17:51:34+00:00,NVDA,choppy,BuffettAgent,BUY,0.9,0.1,Buffett screen passed (stable + trend + near-high),True
8b9c1634,2026-07-23T17:51:34+00:00,NVDA,choppy,CitadelAgent,HOLD,0.3,0.0,No Citadel momentum setup,False
8b9c1634,2026-07-23T17:51:34+00:00,NVDA,choppy,MeanReversionAgent,HOLD,0.3,0.0,No mean reversion setup (RSI=64.2),False
8b9c1634,2026-07-23T17:51:34+00:00,NVDA,choppy,MacroAgent,HOLD,0.4,0.0,Macro MIXED: risk_on=3 risk_off=0,False
8b9c1634,2026-07-23T17:51:34+00:00,NVDA,choppy,TrendFollowingAgent,HOLD,0.3,0.0,"No trend setup (ADX=11.5, bull=True)",False
8b9c1634,2026-07-23T17:51:34+00:00,NVDA,choppy,DividendArbitrageAgent,HOLD,0.2,0.0,No dividend data available,False
8b9c1634,2026-07-23T17:51:34+00:00,NVDA,choppy,PairsTradingAgent,HOLD,0.0,0.0,"PairsTrading: 0 robust cointegrated pairs (multi_window_check=True, min_score=2) — armed but at rest",False
8b9c1634,2026-07-23T17:51:34+00:00,NVDA,choppy,VolatilityAgent,HOLD,0.3,0.0,Vol HOLD: VIX=19.5 | z=0.42 | mom5=16.6%,False
8b9c1634,2026-07-23T17:51:34+00:00,NVDA,choppy,EarningsSentimentAgent,HOLD,0.58,0.0,No direct NVDA catalysts; mixed market sentiment with AI strength offset by choppy regime and lack of company-specific news,False
8b9c1634,2026-07-23T17:51:34+00:00,NVDA,choppy,InsiderBuyAgent,HOLD,0.0,0.0,InsiderBuy: 0/2 insiders ($0) — threshold not met,False
8b9c1634,2026-07-23T17:51:34+00:00,NVDA,choppy,CrossSectionalMomentumAgent,HOLD,0.0,0.0,Momentum: rang 11/13 (score=+15.83%) — hors top 4,False
8b9c1634,2026-07-23T17:51:40+00:00,MSFT,choppy,DummyHoldAgent,HOLD,0.0,0.0,Baseline hold,False
8b9c1634,2026-07-23T17:51:40+00:00,MSFT,choppy,BuffettAgent,BUY,0.9,0.1,Buffett screen passed (stable + trend + near-high),True
8b9c1634,2026-07-23T17:51:40+00:00,MSFT,choppy,CitadelAgent,HOLD,0.3,0.0,No Citadel momentum setup,False
8b9c1634,2026-07-23T17:51:40+00:00,MSFT,choppy,MeanReversionAgent,HOLD,0.3,0.0,No mean reversion setup (RSI=64.2),False
8b9c1634,2026-07-23T17:51:40+00:00,MSFT,choppy,MacroAgent,HOLD,0.4,0.0,Macro MIXED: risk_on=3 risk_off=0,False
8b9c1634,2026-07-23T17:51:40+00:00,MSFT,choppy,TrendFollowingAgent,HOLD,0.3,0.0,"No trend setup (ADX=11.5, bull=True)",False
8b9c1634,2026-07-23T17:51:40+00:00,MSFT,choppy,DividendArbitrageAgent,HOLD,0.2,0.0,J-28: hors fenêtre (max J-7),False
8b9c1634,2026-07-23T17:51:40+00:00,MSFT,choppy,PairsTradingAgent,HOLD,0.0,0.0,"PairsTrading: 0 robust cointegrated pairs (multi_window_check=True, min_score=2) — armed but at rest",False
8b9c1634,2026-07-23T17:51:40+00:00,MSFT,choppy,VolatilityAgent,HOLD,0.3,0.0,Vol HOLD: VIX=19.5 | z=0.42 | mom5=16.6%,False
8b9c1634,2026-07-23T17:51:40+00:00,MSFT,choppy,EarningsSentimentAgent,HOLD,0.58,0.0,Mixed signals with positive AI narrative offset by choppy market regime and lack of concrete catalysts,False
8b9c1634,2026-07-23T17:51:40+00:00,MSFT,choppy,InsiderBuyAgent,HOLD,0.0,0.0,InsiderBuy: 0/2 insiders ($0) — threshold not met,False
8b9c1634,2026-07-23T17:51:40+00:00,MSFT,choppy,CrossSectionalMomentumAgent,HOLD,0.0,0.0,Momentum: rang 12/13 (score=+15.83%) — hors top 4,False
8b9c1634,2026-07-23T17:51:51+00:00,GOOGL,choppy,DummyHoldAgent,HOLD,0.0,0.0,Baseline hold,False
8b9c1634,2026-07-23T17:51:51+00:00,GOOGL,choppy,BuffettAgent,BUY,0.9,0.1,Buffett screen passed (stable + trend + near-high),True
8b9c1634,2026-07-23T17:51:51+00:00,GOOGL,choppy,CitadelAgent,HOLD,0.3,0.0,No Citadel momentum setup,False
8b9c1634,2026-07-23T17:51:51+00:00,GOOGL,choppy,MeanReversionAgent,HOLD,0.3,0.0,No mean reversion setup (RSI=62.6),False
8b9c1634,2026-07-23T17:51:51+00:00,GOOGL,choppy,MacroAgent,HOLD,0.4,0.0,Macro MIXED: risk_on=3 risk_off=0,False
8b9c1634,2026-07-23T17:51:51+00:00,GOOGL,choppy,TrendFollowingAgent,BUY,0.9,0.1,TrendFollow BUY: MAs alignées + ADX=36.3 + mom20=9.66%,False
8b9c1634,2026-07-23T17:51:51+00:00,GOOGL,choppy,DividendArbitrageAgent,HOLD,0.2,0.0,No dividend data available,False
8b9c1634,2026-07-23T17:51:51+00:00,GOOGL,choppy,PairsTradingAgent,HOLD,0.0,0.0,"PairsTrading: 0 robust cointegrated pairs (multi_window_check=True, min_score=2) — armed but at rest",False
8b9c1634,2026-07-23T17:51:51+00:00,GOOGL,choppy,VolatilityAgent,HOLD,0.3,0.0,Vol HOLD: VIX=19.5 | z=0.42 | mom5=16.6%,False
8b9c1634,2026-07-23T17:51:51+00:00,GOOGL,choppy,EarningsSentimentAgent,HOLD,0.52,0.0,No company-specific catalyst identified; generic market volume/mover alerts insufficient to drive directional signal in choppy regime,False
8b9c1634,2026-07-23T17:51:51+00:00,GOOGL,choppy,InsiderBuyAgent,HOLD,0.0,0.0,InsiderBuy: 0/2 insiders ($0) — threshold not met,False
8b9c1634,2026-07-23T17:51:51+00:00,GOOGL,choppy,CrossSectionalMomentumAgent,HOLD,0.0,0.0,Momentum: rang 7/13 (score=+24.15%) — hors top 4,False
8b9c1634,2026-07-23T17:51:55+00:00,META,choppy,DummyHoldAgent,HOLD,0.0,0.0,Baseline hold,False
8b9c1634,2026-07-23T17:51:55+00:00,META,choppy,BuffettAgent,BUY,0.9,0.1,Buffett screen passed (stable + trend + near-high),True
8b9c1634,2026-07-23T17:51:55+00:00,META,choppy,CitadelAgent,HOLD,0.3,0.0,No Citadel momentum setup,False
8b9c1634,2026-07-23T17:51:55+00:00,META,choppy,MeanReversionAgent,HOLD,0.3,0.0,No mean reversion setup (RSI=64.2),False
8b9c1634,2026-07-23T17:51:55+00:00,META,choppy,MacroAgent,HOLD,0.4,0.0,Macro MIXED: risk_on=3 risk_off=0,False
8b9c1634,2026-07-23T17:51:55+00:00,META,choppy,TrendFollowingAgent,HOLD,0.3,0.0,"No trend setup (ADX=11.5, bull=True)",False
8b9c1634,2026-07-23T17:51:55+00:00,META,choppy,DividendArbitrageAgent,HOLD,0.2,0.0,No dividend data available,False
8b9c1634,2026-07-23T17:51:55+00:00,META,choppy,PairsTradingAgent,HOLD,0.0,0.0,"PairsTrading: 0 robust cointegrated pairs (multi_window_check=True, min_score=2) — armed but at rest",False
8b9c1634,2026-07-23T17:51:55+00:00,META,choppy,VolatilityAgent,HOLD,0.3,0.0,Vol HOLD: VIX=19.5 | z=0.42 | mom5=16.6%,False
8b9c1634,2026-07-23T17:51:55+00:00,META,choppy,EarningsSentimentAgent,HOLD,0.58,0.0,"META's AI investments strengthen ad platform competitive positioning, but choppy regime and sector-wide capex concerns limit conviction",False
8b9c1634,2026-07-23T17:51:55+00:00,META,choppy,InsiderBuyAgent,HOLD,0.0,0.0,InsiderBuy: 0/2 insiders ($0) — threshold not met,False
8b9c1634,2026-07-23T17:51:55+00:00,META,choppy,CrossSectionalMomentumAgent,HOLD,0.0,0.0,Momentum: rang 13/13 (score=+15.83%) — hors top 4,False
8b9c1634,2026-07-23T17:52:02+00:00,JPM,choppy,DummyHoldAgent,HOLD,0.0,0.0,Baseline hold,False
8b9c1634,2026-07-23T17:52:02+00:00,JPM,choppy,BuffettAgent,BUY,0.9,0.1,Buffett screen passed (stable + trend + near-high),True
8b9c1634,2026-07-23T17:52:02+00:00,JPM,choppy,CitadelAgent,HOLD,0.3,0.0,No Citadel momentum setup,False
8b9c1634,2026-07-23T17:52:02+00:00,JPM,choppy,MeanReversionAgent,HOLD,0.3,0.0,No mean reversion setup (RSI=62.6),False
8b9c1634,2026-07-23T17:52:02+00:00,JPM,choppy,MacroAgent,HOLD,0.4,0.0,Macro MIXED: risk_on=3 risk_off=0,False
8b9c1634,2026-07-23T17:52:02+00:00,JPM,choppy,TrendFollowingAgent,BUY,0.9,0.1,TrendFollow BUY: MAs alignées + ADX=36.3 + mom20=9.66%,False
8b9c1634,2026-07-23T17:52:02+00:00,JPM,choppy,DividendArbitrageAgent,HOLD,0.2,0.0,No dividend data available,False
8b9c1634,2026-07-23T17:52:02+00:00,JPM,choppy,PairsTradingAgent,HOLD,0.0,0.0,"PairsTrading: 0 robust cointegrated pairs (multi_window_check=True, min_score=2) — armed but at rest",False
8b9c1634,2026-07-23T17:52:02+00:00,JPM,choppy,VolatilityAgent,HOLD,0.3,0.0,Vol HOLD: VIX=19.5 | z=0.42 | mom5=16.6%,False
8b9c1634,2026-07-23T17:52:02+00:00,JPM,choppy,EarningsSentimentAgent,BUY,0.72,0.1,Earnings beat with AI-powered growth narrative and stock entering buy zone post-earnings; Google capex supercycle benefits financial intermediaries,False
8b9c1634,2026-07-23T17:52:02+00:00,JPM,choppy,InsiderBuyAgent,HOLD,0.0,0.0,InsiderBuy: 0/2 insiders ($0) — threshold not met,False
8b9c1634,2026-07-23T17:52:02+00:00,JPM,choppy,CrossSectionalMomentumAgent,HOLD,0.0,0.0,Momentum: rang 8/13 (score=+24.15%) — hors top 4,False
08e321a5,2026-07-23T17:57:51+00:00,AAPL,bull,DummyHoldAgent,HOLD,0.0,0.0,Baseline hold,False
08e321a5,2026-07-23T17:57:51+00:00,AAPL,bull,BuffettAgent,BUY,0.9,0.1,Buffett screen passed (stable + trend + near-high),True
08e321a5,2026-07-23T17:57:51+00:00,AAPL,bull,CitadelAgent,HOLD,0.3,0.0,No Citadel momentum setup,False
08e321a5,2026-07-23T17:57:51+00:00,AAPL,bull,MeanReversionAgent,SELL,0.82,0.0,MeanRev EXIT: prix revenu à SMA20=311.44 (target atteint),False
08e321a5,2026-07-23T17:57:51+00:00,AAPL,bull,MacroAgent,HOLD,0.4,0.0,Macro MIXED: risk_on=1 risk_off=0,False
08e321a5,2026-07-23T17:57:51+00:00,AAPL,bull,TrendFollowingAgent,BUY,0.9,0.1,TrendFollow BUY: MAs alignées + ADX=36.3 + mom20=9.41%,False
08e321a5,2026-07-23T17:57:51+00:00,AAPL,bull,DividendArbitrageAgent,HOLD,0.2,0.0,"DivArb: position ouverte, en attente ex-date",False
08e321a5,2026-07-23T17:57:51+00:00,AAPL,bull,PairsTradingAgent,HOLD,0.0,0.0,"PairsTrading: 0 robust cointegrated pairs (multi_window_check=True, min_score=2) — armed but at rest",False
08e321a5,2026-07-23T17:57:51+00:00,AAPL,bull,VolatilityAgent,HOLD,0.3,0.0,Vol HOLD: VIX=19.54 | z=0.43 | mom5=16.8%,False
08e321a5,2026-07-23T17:57:51+00:00,AAPL,bull,EarningsSentimentAgent,HOLD,0.58,0.0,Mixed signals with earnings growth expectation offset by lack of specific positive catalysts or concrete news items,False
08e321a5,2026-07-23T17:57:51+00:00,AAPL,bull,InsiderBuyAgent,HOLD,0.0,0.0,InsiderBuy: 0/2 insiders ($0) — threshold not met,False
08e321a5,2026-07-23T17:57:51+00:00,AAPL,bull,CrossSectionalMomentumAgent,HOLD,0.0,0.0,Momentum: rang 6/14 (score=+24.15%) — hors top 4,False
08e321a5,2026-07-23T17:57:53+00:00,SPY,bull,DummyHoldAgent,HOLD,0.0,0.0,Baseline hold,False
08e321a5,2026-07-23T17:57:53+00:00,SPY,bull,BuffettAgent,BUY,0.9,0.1,Buffett screen passed (stable + trend + near-high),True
08e321a5,2026-07-23T17:57:53+00:00,SPY,bull,CitadelAgent,HOLD,0.3,0.0,No Citadel momentum setup,False
08e321a5,2026-07-23T17:57:53+00:00,SPY,bull,MeanReversionAgent,HOLD,0.3,0.0,No mean reversion setup (RSI=44.1),False
08e321a5,2026-07-23T17:57:53+00:00,SPY,bull,MacroAgent,HOLD,0.4,0.0,Macro MIXED: risk_on=1 risk_off=0,False
08e321a5,2026-07-23T17:57:53+00:00,SPY,bull,TrendFollowingAgent,HOLD,0.3,0.0,"No trend setup (ADX=16.9, bull=False)",False
08e321a5,2026-07-23T17:57:53+00:00,SPY,bull,DividendArbitrageAgent,HOLD,0.2,0.0,No dividend data available,False
08e321a5,2026-07-23T17:57:53+00:00,SPY,bull,PairsTradingAgent,HOLD,0.0,0.0,"PairsTrading: 0 robust cointegrated pairs (multi_window_check=True, min_score=2) — armed but at rest",False
08e321a5,2026-07-23T17:57:53+00:00,SPY,bull,VolatilityAgent,HOLD,0.3,0.0,Vol HOLD: VIX=19.54 | z=0.43 | mom5=16.8%,False
08e321a5,2026-07-23T17:57:53+00:00,SPY,bull,EarningsSentimentAgent,HOLD,0.62,0.0,Mixed signals with tech sector weakness offsetting bullish regime; AI spending concerns weigh against equity futures decline,False
08e321a5,2026-07-23T17:57:53+00:00,SPY,bull,InsiderBuyAgent,HOLD,0.0,0.0,InsiderBuy: 0/2 insiders ($0) — threshold not met,False
08e321a5,2026-07-23T17:57:53+00:00,SPY,bull,CrossSectionalMomentumAgent,HOLD,0.0,0.0,Momentum: rang 9/14 (score=+15.46%) — hors top 4,False
08e321a5,2026-07-23T17:57:56+00:00,QQQ,bull,DummyHoldAgent,HOLD,0.0,0.0,Baseline hold,False
08e321a5,2026-07-23T17:57:56+00:00,QQQ,bull,BuffettAgent,BUY,0.9,0.1,Buffett screen passed (stable + trend + near-high),True
08e321a5,2026-07-23T17:57:56+00:00,QQQ,bull,CitadelAgent,HOLD,0.3,0.0,No Citadel momentum setup,False
08e321a5,2026-07-23T17:57:56+00:00,QQQ,bull,MeanReversionAgent,HOLD,0.3,0.0,No mean reversion setup (RSI=40.9),False
08e321a5,2026-07-23T17:57:56+00:00,QQQ,bull,MacroAgent,HOLD,0.4,0.0,Macro MIXED: risk_on=1 risk_off=0,False
08e321a5,2026-07-23T17:57:56+00:00,QQQ,bull,TrendFollowingAgent,HOLD,0.3,0.0,"No trend setup (ADX=23.6, bull=False)",False
08e321a5,2026-07-23T17:57:56+00:00,QQQ,bull,DividendArbitrageAgent,HOLD,0.2,0.0,No dividend data available,False
08e321a5,2026-07-23T17:57:56+00:00,QQQ,bull,PairsTradingAgent,HOLD,0.0,0.0,"PairsTrading: 0 robust cointegrated pairs (multi_window_check=True, min_score=2) — armed but at rest",False
08e321a5,2026-07-23T17:57:56+00:00,QQQ,bull,VolatilityAgent,HOLD,0.3,0.0,Vol HOLD: VIX=19.54 | z=0.43 | mom5=16.8%,False
08e321a5,2026-07-23T17:57:56+00:00,QQQ,bull,EarningsSentimentAgent,SELL,0.72,0.0,"Mounting concerns over unsustainable AI capex burn, insider selling pressure, and rising treasury yields creating headwinds for high-multiple tech",False
08e321a5,2026-07-23T17:57:56+00:00,QQQ,bull,InsiderBuyAgent,HOLD,0.0,0.0,InsiderBuy: 0/2 insiders ($0) — threshold not met,False
08e321a5,2026-07-23T17:57:56+00:00,QQQ,bull,CrossSectionalMomentumAgent,BUY,0.65,0.07,"Momentum JT: rang 4/14 (score=+25.12%, top 4)",False
08e321a5,2026-07-23T17:58:03+00:00,NVDA,bull,DummyHoldAgent,HOLD,0.0,0.0,Baseline hold,False
08e321a5,2026-07-23T17:58:03+00:00,NVDA,bull,BuffettAgent,BUY,0.9,0.1,Buffett screen passed (stable + trend + near-high),True
08e321a5,2026-07-23T17:58:03+00:00,NVDA,bull,CitadelAgent,HOLD,0.3,0.0,No Citadel momentum setup,False
08e321a5,2026-07-23T17:58:03+00:00,NVDA,bull,MeanReversionAgent,HOLD,0.3,0.0,No mean reversion setup (RSI=62.6),False
08e321a5,2026-07-23T17:58:03+00:00,NVDA,bull,MacroAgent,HOLD,0.4,0.0,Macro MIXED: risk_on=1 risk_off=0,False
08e321a5,2026-07-23T17:58:03+00:00,NVDA,bull,TrendFollowingAgent,HOLD,0.3,0.0,"No trend setup (ADX=24.8, bull=False)",False
08e321a5,2026-07-23T17:58:03+00:00,NVDA,bull,DividendArbitrageAgent,HOLD,0.2,0.0,No dividend data available,False
08e321a5,2026-07-23T17:58:03+00:00,NVDA,bull,PairsTradingAgent,HOLD,0.0,0.0,"PairsTrading: 0 robust cointegrated pairs (multi_window_check=True, min_score=2) — armed but at rest",False
08e321a5,2026-07-23T17:58:03+00:00,NVDA,bull,VolatilityAgent,HOLD,0.3,0.0,Vol HOLD: VIX=19.54 | z=0.43 | mom5=16.8%,False
08e321a5,2026-07-23T17:58:03+00:00,NVDA,bull,EarningsSentimentAgent,HOLD,0.58,0.0,No NVDA-specific catalyst present; mixed tech sentiment with AI moat discussion offset by earnings disappointment pattern elsewhere,False
08e321a5,2026-07-23T17:58:03+00:00,NVDA,bull,InsiderBuyAgent,HOLD,0.0,0.0,InsiderBuy: 0/2 insiders ($0) — threshold not met,False
08e321a5,2026-07-23T17:58:03+00:00,NVDA,bull,CrossSectionalMomentumAgent,HOLD,0.0,0.0,Momentum: rang 7/14 (score=+22.76%) — hors top 4,False
08e321a5,2026-07-23T17:58:08+00:00,MSFT,bull,DummyHoldAgent,HOLD,0.0,0.0,Baseline hold,False
08e321a5,2026-07-23T17:58:08+00:00,MSFT,bull,BuffettAgent,HOLD,0.55,0.0,Buffett screen not strong enough,False
08e321a5,2026-07-23T17:58:08+00:00,MSFT,bull,CitadelAgent,HOLD,0.1,0.0,No Citadel momentum setup,False
08e321a5,2026-07-23T17:58:08+00:00,MSFT,bull,MeanReversionAgent,HOLD,0.3,0.0,No mean reversion setup (RSI=44.1),False
08e321a5,2026-07-23T17:58:08+00:00,MSFT,bull,MacroAgent,HOLD,0.4,0.0,Macro MIXED: risk_on=1 risk_off=0,False
08e321a5,2026-07-23T17:58:08+00:00,MSFT,bull,TrendFollowingAgent,HOLD,0.3,0.0,"No trend setup (ADX=18.3, bull=False)",False
08e321a5,2026-07-23T17:58:08+00:00,MSFT,bull,DividendArbitrageAgent,HOLD,0.2,0.0,J-28: hors fenêtre (max J-7),False
08e321a5,2026-07-23T17:58:08+00:00,MSFT,bull,PairsTradingAgent,HOLD,0.0,0.0,"PairsTrading: 0 robust cointegrated pairs (multi_window_check=True, min_score=2) — armed but at rest",False
08e321a5,2026-07-23T17:58:08+00:00,MSFT,bull,VolatilityAgent,HOLD,0.3,0.0,Vol HOLD: VIX=19.54 | z=0.43 | mom5=16.8%,False
08e321a5,2026-07-23T17:58:08+00:00,MSFT,bull,EarningsSentimentAgent,BUY,0.68,0.1,AI competitive moat narrative strengthens MSFT's strategic positioning and market dominance in enterprise AI,True
08e321a5,2026-07-23T17:58:08+00:00,MSFT,bull,InsiderBuyAgent,HOLD,0.0,0.0,InsiderBuy: 0/2 insiders ($0) — threshold not met,False
08e321a5,2026-07-23T17:58:08+00:00,MSFT,bull,CrossSectionalMomentumAgent,HOLD,0.0,0.0,Momentum: rang 14/14 (score=-15.20%) — hors top 4,False
08e321a5,2026-07-23T17:58:15+00:00,GOOGL,bull,DummyHoldAgent,HOLD,0.0,0.0,Baseline hold,False
08e321a5,2026-07-23T17:58:15+00:00,GOOGL,bull,BuffettAgent,HOLD,0.55,0.0,Buffett screen not strong enough,False
08e321a5,2026-07-23T17:58:15+00:00,GOOGL,bull,CitadelAgent,HOLD,0.1,0.0,No Citadel momentum setup,False
08e321a5,2026-07-23T17:58:15+00:00,GOOGL,bull,MeanReversionAgent,BUY,0.8,0.08,MeanRev BUY: RSI=30.2 + below Bollinger,True
08e321a5,2026-07-23T17:58:15+00:00,GOOGL,bull,MacroAgent,HOLD,0.4,0.0,Macro MIXED: risk_on=1 risk_off=0,False
08e321a5,2026-07-23T17:58:15+00:00,GOOGL,bull,TrendFollowingAgent,HOLD,0.3,0.0,"No trend setup (ADX=13.5, bull=False)",False
08e321a5,2026-07-23T17:58:15+00:00,GOOGL,bull,DividendArbitrageAgent,HOLD,0.2,0.0,No dividend data available,False
08e321a5,2026-07-23T17:58:15+00:00,GOOGL,bull,PairsTradingAgent,HOLD,0.0,0.0,"PairsTrading: 0 robust cointegrated pairs (multi_window_check=True, min_score=2) — armed but at rest",False
08e321a5,2026-07-23T17:58:15+00:00,GOOGL,bull,VolatilityAgent,HOLD,0.3,0.0,Vol HOLD: VIX=19.54 | z=0.43 | mom5=16.8%,False
08e321a5,2026-07-23T17:58:15+00:00,GOOGL,bull,EarningsSentimentAgent,HOLD,0.52,0.0,News items lack specific GOOGL catalysts; only generic market movers and vague cash squeeze reference without material details,False
08e321a5,2026-07-23T17:58:15+00:00,GOOGL,bull,InsiderBuyAgent,HOLD,0.0,0.0,InsiderBuy: 0/2 insiders ($0) — threshold not met,False
08e321a5,2026-07-23T17:58:15+00:00,GOOGL,bull,CrossSectionalMomentumAgent,BUY,0.75,0.07,"Momentum JT: rang 2/14 (score=+45.85%, top 4)",False
08e321a5,2026-07-23T17:58:19+00:00,META,bull,DummyHoldAgent,HOLD,0.0,0.0,Baseline hold,False
08e321a5,2026-07-23T17:58:19+00:00,META,bull,BuffettAgent,HOLD,0.35,0.0,Buffett screen not strong enough,False
08e321a5,2026-07-23T17:58:19+00:00,META,bull,CitadelAgent,HOLD,0.1,0.0,No Citadel momentum setup,False
08e321a5,2026-07-23T17:58:19+00:00,META,bull,MeanReversionAgent,HOLD,0.3,0.0,No mean reversion setup (RSI=55.4),False
08e321a5,2026-07-23T17:58:19+00:00,META,bull,MacroAgent,HOLD,0.4,0.0,Macro MIXED: risk_on=1 risk_off=0,False
08e321a5,2026-07-23T17:58:19+00:00,META,bull,TrendFollowingAgent,HOLD,0.3,0.0,"No trend setup (ADX=26.8, bull=False)",False
08e321a5,2026-07-23T17:58:19+00:00,META,bull,DividendArbitrageAgent,HOLD,0.2,0.0,No dividend data available,False
08e321a5,2026-07-23T17:58:19+00:00,META,bull,PairsTradingAgent,HOLD,0.0,0.0,"PairsTrading: 0 robust cointegrated pairs (multi_window_check=True, min_score=2) — armed but at rest",False
08e321a5,2026-07-23T17:58:19+00:00,META,bull,VolatilityAgent,HOLD,0.3,0.0,Vol HOLD: VIX=19.54 | z=0.43 | mom5=16.8%,False
08e321a5,2026-07-23T17:58:19+00:00,META,bull,EarningsSentimentAgent,BUY,0.72,0.1,META's heavy AI investments strengthening ad platform while competitors face AI capex headwinds and leadership questions,True
08e321a5,2026-07-23T17:58:19+00:00,META,bull,InsiderBuyAgent,HOLD,0.0,0.0,InsiderBuy: 0/2 insiders ($0) — threshold not met,False
08e321a5,2026-07-23T17:58:19+00:00,META,bull,CrossSectionalMomentumAgent,HOLD,0.0,0.0,Momentum: rang 13/14 (score=-13.14%) — hors top 4,False
08e321a5,2026-07-23T17:58:25+00:00,JPM,bull,DummyHoldAgent,HOLD,0.0,0.0,Baseline hold,False
08e321a5,2026-07-23T17:58:25+00:00,JPM,bull,BuffettAgent,BUY,0.9,0.1,Buffett screen passed (stable + trend + near-high),True
08e321a5,2026-07-23T17:58:25+00:00,JPM,bull,CitadelAgent,HOLD,0.3,0.0,No Citadel momentum setup,False
08e321a5,2026-07-23T17:58:25+00:00,JPM,bull,MeanReversionAgent,HOLD,0.3,0.0,No mean reversion setup (RSI=63.9),False
08e321a5,2026-07-23T17:58:25+00:00,JPM,bull,MacroAgent,HOLD,0.4,0.0,Macro MIXED: risk_on=1 risk_off=0,False
08e321a5,2026-07-23T17:58:25+00:00,JPM,bull,TrendFollowingAgent,HOLD,0.3,0.0,"No trend setup (ADX=11.5, bull=True)",False
08e321a5,2026-07-23T17:58:25+00:00,JPM,bull,DividendArbitrageAgent,HOLD,0.2,0.0,No dividend data available,False
08e321a5,2026-07-23T17:58:25+00:00,JPM,bull,PairsTradingAgent,HOLD,0.0,0.0,"PairsTrading: 0 robust cointegrated pairs (multi_window_check=True, min_score=2) — armed but at rest",False
08e321a5,2026-07-23T17:58:25+00:00,JPM,bull,VolatilityAgent,HOLD,0.3,0.0,Vol HOLD: VIX=19.54 | z=0.43 | mom5=16.8%,False
08e321a5,2026-07-23T17:58:25+00:00,JPM,bull,EarningsSentimentAgent,BUY,0.72,0.1,Earnings beat with AI-powered growth narrative and stock already moving into buy zone; bullish regime supports continuation,False
08e321a5,2026-07-23T17:58:25+00:00,JPM,bull,InsiderBuyAgent,HOLD,0.0,0.0,InsiderBuy: 0/2 insiders ($0) — threshold not met,False
08e321a5,2026-07-23T17:58:25+00:00,JPM,bull,CrossSectionalMomentumAgent,HOLD,0.0,0.0,Momentum: rang 8/14 (score=+15.83%) — hors top 4,False
08e321a5,2026-07-23T17:58:32+00:00,GS,bull,DummyHoldAgent,HOLD,0.0,0.0,Baseline hold,False
08e321a5,2026-07-23T17:58:32+00:00,GS,bull,BuffettAgent,BUY,0.7,0.1,Buffett screen passed (stable + trend + near-high),True
08e321a5,2026-07-23T17:58:32+00:00,GS,bull,CitadelAgent,HOLD,0.3,0.0,No Citadel momentum setup,False
08e321a5,2026-07-23T17:58:32+00:00,GS,bull,MeanReversionAgent,HOLD,0.3,0.0,No mean reversion setup (RSI=57.4),False
08e321a5,2026-07-23T17:58:32+00:00,GS,bull,MacroAgent,HOLD,0.4,0.0,Macro MIXED: risk_on=1 risk_off=0,False
08e321a5,2026-07-23T17:58:32+00:00,GS,bull,TrendFollowingAgent,HOLD,0.3,0.0,"No trend setup (ADX=17.7, bull=True)",False
08e321a5,2026-07-23T17:58:32+00:00,GS,bull,DividendArbitrageAgent,HOLD,0.2,0.0,J-40: hors fenêtre (max J-7),False
08e321a5,2026-07-23T17:58:32+00:00,GS,bull,PairsTradingAgent,HOLD,0.0,0.0,"PairsTrading: 0 robust cointegrated pairs (multi_window_check=True, min_score=2) — armed but at rest",False
08e321a5,2026-07-23T17:58:32+00:00,GS,bull,VolatilityAgent,HOLD,0.3,0.0,Vol HOLD: VIX=19.54 | z=0.43 | mom5=16.8%,False
08e321a5,2026-07-23T17:58:32+00:00,GS,bull,EarningsSentimentAgent,BUY,0.72,0.1,Record Q2 earnings with expanded buyback program signals strong capital return and management confidence in valuation,False
08e321a5,2026-07-23T17:58:32+00:00,GS,bull,InsiderBuyAgent,HOLD,0.0,0.0,InsiderBuy: 0/2 insiders ($0) — threshold not met,False
08e321a5,2026-07-23T17:58:32+00:00,GS,bull,CrossSectionalMomentumAgent,BUY,0.7,0.07,"Momentum JT: rang 3/14 (score=+44.19%, top 4)",False
08e321a5,2026-07-23T17:58:35+00:00,GLD,bull,DummyHoldAgent,HOLD,0.0,0.0,Baseline hold,False
08e321a5,2026-07-23T17:58:35+00:00,GLD,bull,BuffettAgent,HOLD,0.55,0.0,Buffett screen not strong enough,False
08e321a5,2026-07-23T17:58:35+00:00,GLD,bull,CitadelAgent,HOLD,0.1,0.0,No Citadel momentum setup,False
08e321a5,2026-07-23T17:58:35+00:00,GLD,bull,MeanReversionAgent,HOLD,0.3,0.0,No mean reversion setup (RSI=44.2),False
08e321a5,2026-07-23T17:58:35+00:00,GLD,bull,MacroAgent,HOLD,0.4,0.0,Macro MIXED: risk_on=1 risk_off=0,False
08e321a5,2026-07-23T17:58:35+00:00,GLD,bull,TrendFollowingAgent,HOLD,0.3,0.0,"No trend setup (ADX=20.0, bull=False)",False
08e321a5,2026-07-23T17:58:35+00:00,GLD,bull,DividendArbitrageAgent,HOLD,0.2,0.0,No dividend data available,False
08e321a5,2026-07-23T17:58:35+00:00,GLD,bull,PairsTradingAgent,HOLD,0.0,0.0,"PairsTrading: 0 robust cointegrated pairs (multi_window_check=True, min_score=2) — armed but at rest",False
08e321a5,2026-07-23T17:58:35+00:00,GLD,bull,VolatilityAgent,HOLD,0.3,0.0,Vol HOLD: VIX=19.54 | z=0.43 | mom5=16.8%,False
08e321a5,2026-07-23T17:58:35+00:00,GLD,bull,EarningsSentimentAgent,BUY,0.72,0.1,Majority bullish sentiment with significant institutional interest (billionaire $4.2B deal) and capital rotation back into gold as semiconductor trade headwinds ease,True
08e321a5,2026-07-23T17:58:35+00:00,GLD,bull,InsiderBuyAgent,HOLD,0.0,0.0,InsiderBuy: 0/2 insiders ($0) — threshold not met,False
08e321a5,2026-07-23T17:58:35+00:00,GLD,bull,CrossSectionalMomentumAgent,HOLD,0.0,0.0,Momentum: rang 11/14 (score=+3.24%) — hors top 4,False
08e321a5,2026-07-23T17:58:38+00:00,TSLA,bull,DummyHoldAgent,HOLD,0.0,0.0,Baseline hold,False
08e321a5,2026-07-23T17:58:38+00:00,TSLA,bull,BuffettAgent,HOLD,0.35,0.0,Buffett screen not strong enough,False
08e321a5,2026-07-23T17:58:38+00:00,TSLA,bull,CitadelAgent,HOLD,0.1,0.0,No Citadel momentum setup,False
08e321a5,2026-07-23T17:58:38+00:00,TSLA,bull,MeanReversionAgent,BUY,0.8,0.08,MeanRev BUY: RSI=29.2 + below Bollinger,True
08e321a5,2026-07-23T17:58:38+00:00,TSLA,bull,MacroAgent,HOLD,0.4,0.0,Macro MIXED: risk_on=1 risk_off=0,False
08e321a5,2026-07-23T17:58:38+00:00,TSLA,bull,TrendFollowingAgent,HOLD,0.3,0.0,"No trend setup (ADX=19.3, bull=False)",False
08e321a5,2026-07-23T17:58:38+00:00,TSLA,bull,DividendArbitrageAgent,HOLD,0.2,0.0,No dividend data available,False
08e321a5,2026-07-23T17:58:38+00:00,TSLA,bull,PairsTradingAgent,HOLD,0.0,0.0,"PairsTrading: 0 robust cointegrated pairs (multi_window_check=True, min_score=2) — armed but at rest",False
08e321a5,2026-07-23T17:58:38+00:00,TSLA,bull,VolatilityAgent,HOLD,0.3,0.0,Vol HOLD: VIX=19.54 | z=0.43 | mom5=16.8%,False
08e321a5,2026-07-23T17:58:38+00:00,TSLA,bull,EarningsSentimentAgent,SELL,0.75,0.0,Q2 earnings miss with 14% stock plunge outweighs AI growth narrative; near-term momentum decisively negative,False
08e321a5,2026-07-23T17:58:38+00:00,TSLA,bull,InsiderBuyAgent,HOLD,0.0,0.0,InsiderBuy: 0/2 insiders ($0) — threshold not met,False
08e321a5,2026-07-23T17:58:38+00:00,TSLA,bull,CrossSectionalMomentumAgent,HOLD,0.0,0.0,Momentum: rang 12/14 (score=-0.80%) — hors top 4,False
08e321a5,2026-07-23T17:58:41+00:00,AMD,bull,DummyHoldAgent,HOLD,0.0,0.0,Baseline hold,False
08e321a5,2026-07-23T17:58:41+00:00,AMD,bull,BuffettAgent,BUY,0.7,0.1,Buffett screen passed (stable + trend + near-high),True
08e321a5,2026-07-23T17:58:41+00:00,AMD,bull,CitadelAgent,HOLD,0.3,0.0,No Citadel momentum setup,False
08e321a5,2026-07-23T17:58:41+00:00,AMD,bull,MeanReversionAgent,HOLD,0.3,0.0,No mean reversion setup (RSI=53.1),False
08e321a5,2026-07-23T17:58:41+00:00,AMD,bull,MacroAgent,HOLD,0.4,0.0,Macro MIXED: risk_on=1 risk_off=0,False
08e321a5,2026-07-23T17:58:41+00:00,AMD,bull,TrendFollowingAgent,HOLD,0.3,0.0,"No trend setup (ADX=12.6, bull=True)",False
08e321a5,2026-07-23T17:58:41+00:00,AMD,bull,DividendArbitrageAgent,HOLD,0.2,0.0,No dividend data available,False
08e321a5,2026-07-23T17:58:41+00:00,AMD,bull,PairsTradingAgent,HOLD,0.0,0.0,"PairsTrading: 0 robust cointegrated pairs (multi_window_check=True, min_score=2) — armed but at rest",False
08e321a5,2026-07-23T17:58:41+00:00,AMD,bull,VolatilityAgent,HOLD,0.3,0.0,Vol HOLD: VIX=19.54 | z=0.43 | mom5=16.8%,False
08e321a5,2026-07-23T17:58:41+00:00,AMD,bull,EarningsSentimentAgent,HOLD,0.58,0.0,Positive narrative validation offset by absence of specific fundamental catalysts in news items,False
08e321a5,2026-07-23T17:58:41+00:00,AMD,bull,InsiderBuyAgent,HOLD,0.0,0.0,InsiderBuy: 0/2 insiders ($0) — threshold not met,False
08e321a5,2026-07-23T17:58:41+00:00,AMD,bull,CrossSectionalMomentumAgent,BUY,0.8,0.07,"Momentum JT: rang 1/14 (score=+206.81%, top 4)",False
08e321a5,2026-07-23T17:58:44+00:00,AMZN,bull,DummyHoldAgent,HOLD,0.0,0.0,Baseline hold,False
08e321a5,2026-07-23T17:58:44+00:00,AMZN,bull,BuffettAgent,BUY,0.7,0.1,Buffett screen passed (stable + trend + near-high),True
08e321a5,2026-07-23T17:58:44+00:00,AMZN,bull,CitadelAgent,HOLD,0.1,0.0,No Citadel momentum setup,False
08e321a5,2026-07-23T17:58:44+00:00,AMZN,bull,MeanReversionAgent,HOLD,0.3,0.0,No mean reversion setup (RSI=41.0),False
08e321a5,2026-07-23T17:58:44+00:00,AMZN,bull,MacroAgent,HOLD,0.4,0.0,Macro MIXED: risk_on=1 risk_off=0,False
08e321a5,2026-07-23T17:58:44+00:00,AMZN,bull,TrendFollowingAgent,HOLD,0.3,0.0,"No trend setup (ADX=31.3, bull=False)",False
08e321a5,2026-07-23T17:58:44+00:00,AMZN,bull,DividendArbitrageAgent,HOLD,0.2,0.0,No dividend data available,False
08e321a5,2026-07-23T17:58:44+00:00,AMZN,bull,PairsTradingAgent,HOLD,0.0,0.0,"PairsTrading: 0 robust cointegrated pairs (multi_window_check=True, min_score=2) — armed but at rest",False
08e321a5,2026-07-23T17:58:44+00:00,AMZN,bull,VolatilityAgent,HOLD,0.3,0.0,Vol HOLD: VIX=19.54 | z=0.43 | mom5=16.8%,False
08e321a5,2026-07-23T17:58:44+00:00,AMZN,bull,EarningsSentimentAgent,HOLD,0.58,0.0,"ControlMonkey partnership is minor positive for AWS, but offset by sector-wide AI spending concerns and lack of company-specific catalysts",False
08e321a5,2026-07-23T17:58:44+00:00,AMZN,bull,InsiderBuyAgent,HOLD,0.0,0.0,InsiderBuy: 0/2 insiders ($0) — threshold not met,False
08e321a5,2026-07-23T17:58:44+00:00,AMZN,bull,CrossSectionalMomentumAgent,HOLD,0.0,0.0,Momentum: rang 10/14 (score=+8.77%) — hors top 4,False
08e321a5,2026-07-23T17:58:50+00:00,LLY,bull,DummyHoldAgent,HOLD,0.0,0.0,Baseline hold,False
08e321a5,2026-07-23T17:58:50+00:00,LLY,bull,BuffettAgent,BUY,0.9,0.1,Buffett screen passed (stable + trend + near-high),True
08e321a5,2026-07-23T17:58:50+00:00,LLY,bull,CitadelAgent,HOLD,0.3,0.0,No Citadel momentum setup,False
08e321a5,2026-07-23T17:58:50+00:00,LLY,bull,MeanReversionAgent,HOLD,0.3,0.0,No mean reversion setup (RSI=44.0),False
08e321a5,2026-07-23T17:58:50+00:00,LLY,bull,MacroAgent,HOLD,0.4,0.0,Macro MIXED: risk_on=1 risk_off=0,False
08e321a5,2026-07-23T17:58:50+00:00,LLY,bull,TrendFollowingAgent,HOLD,0.3,0.0,"No trend setup (ADX=22.9, bull=False)",False
08e321a5,2026-07-23T17:58:50+00:00,LLY,bull,DividendArbitrageAgent,HOLD,0.2,0.0,J-22: hors fenêtre (max J-7),False
08e321a5,2026-07-23T17:58:50+00:00,LLY,bull,PairsTradingAgent,HOLD,0.0,0.0,"PairsTrading: 0 robust cointegrated pairs (multi_window_check=True, min_score=2) — armed but at rest",False
08e321a5,2026-07-23T17:58:50+00:00,LLY,bull,VolatilityAgent,HOLD,0.3,0.0,Vol HOLD: VIX=19.54 | z=0.43 | mom5=16.8%,False
08e321a5,2026-07-23T17:58:50+00:00,LLY,bull,EarningsSentimentAgent,BUY,0.72,0.1,Multiple phase III wins for triple-g agonist obesity drug with 2027 approval filing and strong GLP-1 portfolio momentum offsetting litigation headwind,False
08e321a5,2026-07-23T17:58:50+00:00,LLY,bull,InsiderBuyAgent,HOLD,0.0,0.0,InsiderBuy: 0/2 insiders ($0) — threshold not met,False
08e321a5,2026-07-23T17:58:50+00:00,LLY,bull,CrossSectionalMomentumAgent,HOLD,0.0,0.0,Momentum: rang 5/14 (score=+24.36%) — hors top 4,False
